{
    "LSTM": {
        "RMSE": 0.2596425966887093,
        "LogLoss": 0.26028103375524564,
        "RMSE(bins)": 0.01971787021171345
    },
    "user": "27e8453",
    "size": 71575
}