{
    "LSTM": {
        "RMSE": 0.25526936578287124,
        "LogLoss": 0.24367620313740512,
        "RMSE(bins)": 0.15588492412379476
    },
    "user": "34ab3e5",
    "size": 5410
}