{
    "LSTM": {
        "RMSE": 0.2930589700369207,
        "LogLoss": 0.3291056592915401,
        "RMSE(bins)": 0.04297124549613495
    },
    "user": "56fefe1",
    "size": 29940
}