{
    "LSTM": {
        "RMSE": 0.2917134543918553,
        "LogLoss": 0.3099786472313034,
        "RMSE(bins)": 0.08509502011504183
    },
    "user": "5c34a90",
    "size": 900
}