{
    "LSTM": {
        "RMSE": 0.31017240889388803,
        "LogLoss": 0.34496008280064216,
        "RMSE(bins)": 0.04151732772050826
    },
    "user": "a2effc8",
    "size": 195450
}