{
    "LSTM": {
        "RMSE": 0.38147663839982987,
        "LogLoss": 0.4910358336278333,
        "RMSE(bins)": 0.18761491194200072
    },
    "user": "aff4c12",
    "size": 20140
}