{
    "LSTM": {
        "RMSE": 0.33374954147222874,
        "LogLoss": 0.38003796452736244,
        "RMSE(bins)": 0.034133131712125335
    },
    "user": "f1f15b9",
    "size": 90275
}