{
    "LSTM": {
        "RMSE": 0.4591620366985365,
        "LogLoss": 0.6886598139796352,
        "RMSE(bins)": 0.21819912632650063
    },
    "user": "7e4e533",
    "size": 50075
}