{
    "LSTM": {
        "RMSE": 0.4190188284585205,
        "LogLoss": 0.5759578681189024,
        "RMSE(bins)": 0.14807510364292478
    },
    "user": "03659d3",
    "size": 3535
}