{
    "LSTM": {
        "RMSE": 0.16393641946430573,
        "LogLoss": 0.12302237404088046,
        "RMSE(bins)": 0.011891051347455654
    },
    "user": "05ff595",
    "size": 371380
}