{
    "LSTM": {
        "RMSE": 0.3844061796679057,
        "LogLoss": 0.4945947974557761,
        "RMSE(bins)": 0.07585510604049131
    },
    "user": "8ab976e",
    "size": 735955
}