{
    "LSTM": {
        "RMSE": 0.5312954672067642,
        "LogLoss": 0.8093693168646059,
        "RMSE(bins)": 0.21214465302251223
    },
    "user": "6231ad3",
    "size": 12400
}