{
    "LSTM": {
        "RMSE": 0.5306232055296203,
        "LogLoss": 0.7825397859950766,
        "RMSE(bins)": 0.2817898047695509
    },
    "user": "99d582e",
    "size": 850
}