{
    "LSTM": {
        "RMSE": 0.37171652522261833,
        "LogLoss": 0.4513647276948147,
        "RMSE(bins)": 0.045265118800745345
    },
    "user": "7acd353",
    "size": 85935
}