{
    "LSTM": {
        "RMSE": 0.3208479419727436,
        "LogLoss": 0.353817288168958,
        "RMSE(bins)": 0.04156752586982912
    },
    "user": "4181a16",
    "size": 317385
}