{
    "LSTM": {
        "RMSE": 0.5393940075082424,
        "LogLoss": 0.928774868262095,
        "RMSE(bins)": 0.268948345021021
    },
    "user": "46b2aa1",
    "size": 3030
}