{
    "LSTM": {
        "RMSE": 0.4422549914961511,
        "LogLoss": 0.6049471844809389,
        "RMSE(bins)": 0.14523051073671714
    },
    "user": "0342feb",
    "size": 21545
}