{
    "LSTM": {
        "RMSE": 0.4179047115011593,
        "LogLoss": 0.5447460684851182,
        "RMSE(bins)": 0.13348758323885082
    },
    "user": "a1c71b0",
    "size": 2920
}