{
    "LSTM": {
        "RMSE": 0.43093399080598616,
        "LogLoss": 0.5861292350958187,
        "RMSE(bins)": 0.07992001267889935
    },
    "user": "34305d6",
    "size": 502850
}