{
    "LSTM": {
        "RMSE": 0.4345349988563962,
        "LogLoss": 0.5887639075830338,
        "RMSE(bins)": 0.0857476675044012
    },
    "user": "7e2c252",
    "size": 82805
}