{
    "LSTM": {
        "RMSE": 0.6292387901227887,
        "LogLoss": 1.4469507356534377,
        "RMSE(bins)": 0.45462894096903095
    },
    "user": "937810d",
    "size": 1310
}