{
    "LSTM": {
        "RMSE": 0.37436434553777115,
        "LogLoss": 0.46429754505477383,
        "RMSE(bins)": 0.2984718788336713
    },
    "user": "a1108b7",
    "size": 11800
}