{
    "LSTM": {
        "RMSE": 0.3438219857087671,
        "LogLoss": 0.3951985921156467,
        "RMSE(bins)": 0.03545368134196065
    },
    "user": "e4f2afe",
    "size": 76875
}