{
    "LSTM": {
        "RMSE": 0.11029723998583964,
        "LogLoss": 0.08373936501714346,
        "RMSE(bins)": 0.0678738161165686
    },
    "user": "fa8a065",
    "size": 13665
}