{
    "LSTM": {
        "RMSE": 0.24822953548738783,
        "LogLoss": 0.24985442171995795,
        "RMSE(bins)": 0.032711760290317526
    },
    "user": "9c911a1",
    "size": 113715
}