{
    "LSTM": {
        "RMSE": 0.313353832016051,
        "LogLoss": 0.35648638486899376,
        "RMSE(bins)": 0.04847259115289822
    },
    "user": "95b389b",
    "size": 23165
}