{
    "LSTM": {
        "RMSE": 0.40659636430215645,
        "LogLoss": 0.5166992955860218,
        "RMSE(bins)": 0.06445896006874145
    },
    "user": "5f77ef0",
    "size": 458955
}