{
    "LSTM": {
        "RMSE": 0.37484635278679507,
        "LogLoss": 0.4642480062286023,
        "RMSE(bins)": 0.0787131517703842
    },
    "user": "46a95e8",
    "size": 15865
}