{
    "LSTM": {
        "RMSE": 0.3256186263805746,
        "LogLoss": 0.38054452701722613,
        "RMSE(bins)": 0.1093631561170783
    },
    "user": "8eb67bb",
    "size": 8375
}