{
    "LSTM": {
        "RMSE": 0.3485136994878095,
        "LogLoss": 0.4074112318844208,
        "RMSE(bins)": 0.05300057368862709
    },
    "user": "0efe6f3",
    "size": 8860
}