{
    "LSTM": {
        "RMSE": 0.3680362160083971,
        "LogLoss": 0.5412666750760663,
        "RMSE(bins)": 0.12188791333454398
    },
    "user": "7948290",
    "size": 4965
}