{
    "LSTM": {
        "RMSE": 0.31263572009793583,
        "LogLoss": 0.3492511467079172,
        "RMSE(bins)": 0.08269846131700082
    },
    "user": "5d3f969",
    "size": 5020
}