{
    "LSTM": {
        "RMSE": 0.28366161767141373,
        "LogLoss": 0.30015048429041746,
        "RMSE(bins)": 0.20726799920243819
    },
    "user": "a7932bc",
    "size": 12120
}