{
    "LSTM": {
        "RMSE": 0.4646155448582611,
        "LogLoss": 0.677982049703847,
        "RMSE(bins)": 0.1441063517252013
    },
    "user": "f0feefe",
    "size": 10115
}