{
    "LSTM": {
        "RMSE": 0.2956382578608007,
        "LogLoss": 0.32313114986676766,
        "RMSE(bins)": 0.09431612321810763
    },
    "user": "df33889",
    "size": 12310
}