{
    "LSTM": {
        "RMSE": 0.4027943461624974,
        "LogLoss": 0.5207819270050809,
        "RMSE(bins)": 0.05832751425901155
    },
    "user": "fef1143",
    "size": 84915
}