{
    "LSTM": {
        "RMSE": 0.681984772543667,
        "LogLoss": 4.11840556660462,
        "RMSE(bins)": 0.6342941541504076
    },
    "user": "7c3a69d",
    "size": 1795
}