{
    "LSTM": {
        "RMSE": 0.44952146124047343,
        "LogLoss": 0.6341924573734504,
        "RMSE(bins)": 0.1706238468931211
    },
    "user": "5d273e6",
    "size": 2100
}