{
    "LSTM": {
        "RMSE": 0.3145124435170937,
        "LogLoss": 0.348651897601287,
        "RMSE(bins)": 0.1149108458564808
    },
    "user": "77e570b",
    "size": 8150
}