{
    "LSTM": {
        "RMSE": 0.3311625337155884,
        "LogLoss": 0.3778657902151663,
        "RMSE(bins)": 0.0996002617643266
    },
    "user": "572f685",
    "size": 2035
}