{
    "LSTM": {
        "RMSE": 0.38138400120850857,
        "LogLoss": 0.4998750525489918,
        "RMSE(bins)": 0.1073289602446134
    },
    "user": "a2b2055",
    "size": 44680
}