{
    "LSTM": {
        "RMSE": 0.4323539034478358,
        "LogLoss": 0.5718201085224971,
        "RMSE(bins)": 0.0926143814835459
    },
    "user": "daf7929",
    "size": 11430
}