{
    "LSTM": {
        "RMSE": 0.6266457974031315,
        "LogLoss": 2.255669616534095,
        "RMSE(bins)": 0.5284856618029399
    },
    "user": "67a81cc",
    "size": 740
}