{
    "LSTM": {
        "RMSE": 0.38380205218794766,
        "LogLoss": 0.45863218661902244,
        "RMSE(bins)": 0.26536061705653274
    },
    "user": "4c547fa",
    "size": 2490
}