{
    "LSTM": {
        "RMSE": 0.367691088128107,
        "LogLoss": 0.44030946595715315,
        "RMSE(bins)": 0.05442205452494342
    },
    "user": "23e35f5",
    "size": 176410
}