{
    "LSTM": {
        "RMSE": 0.6855311213111109,
        "LogLoss": 3.692943567816277,
        "RMSE(bins)": 0.6325511616434926
    },
    "user": "5d294a0",
    "size": 2250
}