{
    "LSTM": {
        "RMSE": 0.46452734087658215,
        "LogLoss": 0.6344970766285456,
        "RMSE(bins)": 0.22398794166148978
    },
    "user": "9b3b6b2",
    "size": 3575
}