{
    "LSTM": {
        "RMSE": 0.4988105525513242,
        "LogLoss": 0.726591380291439,
        "RMSE(bins)": 0.15843780840241023
    },
    "user": "9de8624",
    "size": 7170
}