{
    "LSTM": {
        "RMSE": 0.39980551308993506,
        "LogLoss": 0.5143942928794506,
        "RMSE(bins)": 0.11476159899711572
    },
    "user": "48a935a",
    "size": 181660
}