{
    "LSTM": {
        "RMSE": 0.43378575624671956,
        "LogLoss": 0.6488923862453511,
        "RMSE(bins)": 0.15934486338817133
    },
    "user": "fba6829",
    "size": 10660
}