{
    "LSTM": {
        "RMSE": 0.476836956312646,
        "LogLoss": 0.727707070489746,
        "RMSE(bins)": 0.3855831027857273
    },
    "user": "fab092a",
    "size": 5760
}