{
    "LSTM": {
        "RMSE": 0.5342573242155795,
        "LogLoss": 0.9031914062186525,
        "RMSE(bins)": 0.2159263505285329
    },
    "user": "c54d060",
    "size": 24940
}