{
    "LSTM": {
        "RMSE": 0.5346160023378245,
        "LogLoss": 0.7893801071136185,
        "RMSE(bins)": 0.21888194871200728
    },
    "user": "99f0ffb",
    "size": 3155
}