{
    "LSTM": {
        "RMSE": 0.17072745049607332,
        "LogLoss": 0.1348217220218252,
        "RMSE(bins)": 0.021900165059424236
    },
    "user": "ea00ab4",
    "size": 110930
}