{
    "LSTM": {
        "RMSE": 0.34095971209251,
        "LogLoss": 0.3982786768381242,
        "RMSE(bins)": 0.056821352932662904
    },
    "user": "d50de1c",
    "size": 109170
}