{
    "LSTM": {
        "RMSE": 0.24200392334362708,
        "LogLoss": 0.23291782965472058,
        "RMSE(bins)": 0.09941838155931626
    },
    "user": "929558d",
    "size": 202060
}