{
    "LSTM": {
        "RMSE": 0.30685417685958877,
        "LogLoss": 0.37192944714676673,
        "RMSE(bins)": 0.0588705376913103
    },
    "user": "7e5ff3c",
    "size": 11740
}