{
    "LSTM": {
        "RMSE": 0.24109421359806524,
        "LogLoss": 0.24570238846684084,
        "RMSE(bins)": 0.07161257538639865
    },
    "user": "b20f115",
    "size": 14310
}