{
    "LSTM": {
        "RMSE": 0.30352640242633394,
        "LogLoss": 0.7182658156670818,
        "RMSE(bins)": 0.15968838077740088
    },
    "user": "43f1660",
    "size": 7460
}