{
    "LSTM": {
        "RMSE": 0.28862017018826314,
        "LogLoss": 0.28823928896487544,
        "RMSE(bins)": 0.14118692210021
    },
    "user": "d1260ae",
    "size": 6835
}