{
    "LSTM": {
        "RMSE": 0.2524648379459879,
        "LogLoss": 0.25968738466453356,
        "RMSE(bins)": 0.040787016857131875
    },
    "user": "b200d7f",
    "size": 51190
}