{
    "LSTM": {
        "RMSE": 0.549069716866455,
        "LogLoss": 0.9279966343738641,
        "RMSE(bins)": 0.2802565324397221
    },
    "user": "edfa979",
    "size": 2990
}