{
    "LSTM": {
        "RMSE": 0.3136986899493393,
        "LogLoss": 0.36793782834676936,
        "RMSE(bins)": 0.1306536645452025
    },
    "user": "8c0e419",
    "size": 19400
}