{
    "LSTM": {
        "RMSE": 0.39467330539644263,
        "LogLoss": 0.5070229843965292,
        "RMSE(bins)": 0.05949434388596793
    },
    "user": "a97086c",
    "size": 18260
}