{
    "LSTM": {
        "RMSE": 0.19728113230646374,
        "LogLoss": 0.16725746975297648,
        "RMSE(bins)": 0.02282966868598841
    },
    "user": "b091cf5",
    "size": 49775
}