{
    "LSTM": {
        "RMSE": 0.2869313635444727,
        "LogLoss": 0.30025435293073316,
        "RMSE(bins)": 0.0306551773639645
    },
    "user": "3865c61",
    "size": 64570
}