{
    "LSTM": {
        "RMSE": 0.6502026329398741,
        "LogLoss": 2.5299909417400364,
        "RMSE(bins)": 0.573973828860383
    },
    "user": "e37d9b3",
    "size": 705
}