{
    "LSTM": {
        "RMSE": 0.30875707846667877,
        "LogLoss": 0.3506798601761969,
        "RMSE(bins)": 0.07035726978983516
    },
    "user": "0886157",
    "size": 4080
}