{
    "LSTM": {
        "RMSE": 0.5147623623425441,
        "LogLoss": 0.8221651724318794,
        "RMSE(bins)": 0.39665780667548345
    },
    "user": "dff174d",
    "size": 75
}