{
    "LSTM": {
        "RMSE": 0.4850132851835243,
        "LogLoss": 0.6967094962121483,
        "RMSE(bins)": 0.2546239018261124
    },
    "user": "38ea109",
    "size": 455
}