{
    "FSRSv4": {
        "RMSE": 0.3876064882366285,
        "LogLoss": 0.4755963644835696,
        "RMSE(bins)": 0.0730183320137997,
        "RMSE(bins)Ratings": {
            "1": 0.11963082201628454,
            "2": 0.1045794538497169,
            "3": 0.054512457813718856,
            "4": 0.17674738374718874
        }
    },
    "user": "7e4e533",
    "size": 50075,
    "weights": [
        2.5506,
        7.5646,
        38.6374,
        77.9747,
        5.0647,
        1.2206,
        0.8628,
        0.0256,
        1.6048,
        0.1868,
        1.2633,
        1.9665,
        0.2,
        0.4665,
        1.2176,
        0.2145,
        2.615
    ]
}