{
    "FSRSv4": {
        "RMSE": 0.4746753290990589,
        "LogLoss": 0.6463486110683155,
        "RMSE(bins)": 0.07209041756194999,
        "RMSE(bins)Ratings": {
            "1": 0.09420860058515022,
            "2": 0.20302744641411216,
            "3": 0.15513919112495306,
            "4": 0.07823661237387566
        }
    },
    "user": "9de8624",
    "size": 7170,
    "weights": [
        0.2533,
        0.3388,
        0.3388,
        1.113,
        5.5401,
        1.3263,
        1.1845,
        0.0,
        0.8825,
        0.4051,
        0.3196,
        2.1172,
        0.0539,
        0.316,
        1.3601,
        0.3624,
        1.9872
    ]
}