{
    "FSRSv4": {
        "RMSE": 0.36279542433720213,
        "LogLoss": 0.41581505688997217,
        "RMSE(bins)": 0.036722066786941884,
        "RMSE(bins)Ratings": {
            "1": 0.07797240557009062,
            "2": 0.07123414487523629,
            "3": 0.0438595252233782,
            "4": 0.022318167851847634
        }
    },
    "user": "03659d3",
    "size": 3535,
    "weights": [
        0.1921,
        0.7257,
        3.0996,
        18.2221,
        4.941,
        1.0126,
        0.8563,
        0.0884,
        1.534,
        0.1,
        0.9801,
        2.2685,
        0.1044,
        0.4272,
        1.4777,
        0.143,
        2.7947
    ]
}