{
    "FSRSv4": {
        "RMSE": 0.306144216937959,
        "LogLoss": 0.32810716924254507,
        "RMSE(bins)": 0.02368077207627367,
        "RMSE(bins)Ratings": {
            "1": 0.04314738276924114,
            "2": 0.36792251208682725,
            "3": 0.017857124674768934,
            "4": 0.23701467703616358
        }
    },
    "user": "a2effc8",
    "size": 195450,
    "weights": [
        0.3172,
        1.2129,
        1.2129,
        29.0715,
        4.5569,
        1.902,
        2.1794,
        0.0,
        1.8469,
        0.2143,
        1.1857,
        3.0113,
        0.01,
        0.245,
        1.9974,
        1.0,
        2.412
    ]
}