{
    "FSRSv4": {
        "RMSE": 0.37024957860458413,
        "LogLoss": 0.44471759677223077,
        "RMSE(bins)": 0.06980836611533349,
        "RMSE(bins)Ratings": {
            "1": 0.08392406696431046,
            "2": 0.09511574825769013,
            "3": 0.04628338757556212,
            "4": 0.14012154934848908
        }
    },
    "user": "a2b2055",
    "size": 44680,
    "weights": [
        0.4549,
        0.9693,
        1.3063,
        10.9,
        5.0764,
        1.8045,
        1.7817,
        0.0352,
        2.001,
        0.4191,
        1.2191,
        2.5215,
        0.0122,
        0.4035,
        0.6205,
        0.1638,
        3.971
    ]
}