{
    "FSRSv4": {
        "RMSE": 0.45487108518258396,
        "LogLoss": 0.6062291951294326,
        "RMSE(bins)": 0.12655011308703407,
        "RMSE(bins)Ratings": {
            "1": 0.19355642756736918,
            "2": 0.3029651914784792,
            "3": 0.15040309418409406,
            "4": 0.2050388601350708
        }
    },
    "user": "99d582e",
    "size": 850,
    "weights": [
        0.1641,
        0.178,
        2.3442,
        2.3442,
        5.0072,
        1.0633,
        0.9057,
        0.0,
        1.4063,
        0.1,
        0.8559,
        2.2217,
        0.0155,
        0.3759,
        1.3067,
        0.4117,
        2.5246
    ]
}