{
    "FSRSv4": {
        "RMSE": 0.4547405367208392,
        "LogLoss": 0.612922365375967,
        "RMSE(bins)": 0.08059083294942622,
        "RMSE(bins)Ratings": {
            "1": 0.13830920410716468,
            "2": 0.2847331216166228,
            "3": 0.06366418063423152,
            "4": 0.35654785821614937
        }
    },
    "user": "46b2aa1",
    "size": 3030,
    "weights": [
        0.1718,
        0.3357,
        0.9168,
        10.9,
        5.0211,
        1.0571,
        0.8787,
        0.0,
        1.4387,
        0.3429,
        0.8914,
        2.2011,
        0.046,
        0.3378,
        1.214,
        0.0,
        2.4534
    ]
}