{
    "FSRSv4": {
        "RMSE": 0.3405159040317499,
        "LogLoss": 0.3929627176789942,
        "RMSE(bins)": 0.09396048648055967,
        "RMSE(bins)Ratings": {
            "1": 0.2100697429557386,
            "2": 0.14885716779222014,
            "3": 0.05920359553550755,
            "4": 0.12490393101925396
        }
    },
    "user": "67a81cc",
    "size": 740,
    "weights": [
        0.6122,
        1.2675,
        3.7765,
        16.2985,
        4.9224,
        1.0079,
        0.8402,
        0.044,
        1.5718,
        0.2096,
        1.0328,
        2.2296,
        0.01,
        0.3595,
        1.1769,
        0.4514,
        2.7794
    ]
}