{
    "FSRSv4": {
        "RMSE": 0.33538818138026083,
        "LogLoss": 0.374821945907401,
        "RMSE(bins)": 0.03658967434712654,
        "RMSE(bins)Ratings": {
            "1": 0.06001782923104855,
            "2": 0.1452572433489374,
            "3": 0.027417230040738826,
            "4": 0.0901882550401273
        }
    },
    "user": "d50de1c",
    "size": 109170,
    "weights": [
        0.2851,
        0.295,
        1.2118,
        4.1819,
        5.1011,
        1.5221,
        1.5773,
        0.0,
        1.8209,
        0.2764,
        1.0042,
        2.4905,
        0.0221,
        0.3134,
        1.9974,
        0.319,
        3.8665
    ]
}