{
    "FSRSv4": {
        "RMSE": 0.3333290818113782,
        "LogLoss": 0.3714099059223949,
        "RMSE(bins)": 0.04665325257166525,
        "RMSE(bins)Ratings": {
            "1": 0.07931861286059808,
            "2": 0.035599520696829874,
            "3": 0.02913249798178728,
            "4": 0.05378248236858561
        }
    },
    "user": "0efe6f3",
    "size": 8860,
    "weights": [
        0.3058,
        0.9483,
        1.0322,
        9.0614,
        4.9105,
        0.9462,
        1.265,
        0.0,
        1.5936,
        0.1,
        1.0364,
        2.2446,
        0.0299,
        0.3868,
        1.5758,
        0.5411,
        2.3217
    ]
}