{
    "FSRSv4": {
        "RMSE": 0.3049261845622687,
        "LogLoss": 0.32008184500597153,
        "RMSE(bins)": 0.042337965337138336,
        "RMSE(bins)Ratings": {
            "1": 0.1071907671713748,
            "2": 0.060315833577748,
            "3": 0.045556996618943746
        }
    },
    "user": "572f685",
    "size": 2035,
    "weights": [
        0.7404,
        3.7684,
        7.9731,
        10.9,
        4.8409,
        0.8799,
        1.0188,
        0.0,
        1.665,
        0.1,
        1.1114,
        2.3683,
        0.0158,
        0.5294,
        1.4448,
        0.4888,
        2.61
    ]
}