{
    "FSRSv4": {
        "RMSE": 0.3850204943945703,
        "LogLoss": 0.4557096358483576,
        "RMSE(bins)": 0.07317801907228401,
        "RMSE(bins)Ratings": {
            "1": 0.12421176065144884,
            "2": 0.13882362945631907,
            "3": 0.08165064497913163,
            "4": 0.09332034536102181
        }
    },
    "user": "5d273e6",
    "size": 2100,
    "weights": [
        0.1,
        0.5771,
        1.7344,
        16.0931,
        4.8169,
        0.8341,
        0.8592,
        0.0511,
        1.6078,
        0.1367,
        1.0505,
        2.2995,
        0.0203,
        0.3711,
        1.4981,
        0.126,
        2.9012
    ]
}