{
    "FSRSv4": {
        "RMSE": 0.3415217784953032,
        "LogLoss": 0.3957297136122044,
        "RMSE(bins)": 0.1028047744150059,
        "RMSE(bins)Ratings": {
            "1": 0.19825503761421256,
            "2": 0.14542258058968024,
            "3": 0.06253158052096583,
            "4": 0.12688469713941034
        }
    },
    "user": "67a81cc",
    "size": 740,
    "weights": [
        0.6122,
        1.2675,
        3.7765,
        16.2985,
        4.9214,
        0.9964,
        0.8311,
        0.0647,
        1.5522,
        0.1986,
        1.0127,
        2.2406,
        0.0113,
        0.3775,
        1.2145,
        0.451,
        2.7792
    ]
}