{
    "FSRSv4": {
        "RMSE": 0.22061115238204482,
        "LogLoss": 0.18766931883510127,
        "RMSE(bins)": 0.04154896383183515,
        "RMSE(bins)Ratings": {
            "1": 0.04623194157742488,
            "2": 0.04653266852389175,
            "3": 0.020588766705463193,
            "4": 0.06487650363889579
        }
    },
    "user": "929558d",
    "size": 202060,
    "weights": [
        4.1355,
        4.1355,
        54.1026,
        187.3319,
        6.0397,
        1.2561,
        1.1473,
        0.0001,
        2.0098,
        0.1657,
        1.725,
        2.5533,
        0.0176,
        0.466,
        0.0278,
        0.108,
        1.4429
    ]
}