{
    "FSRSv4": {
        "RMSE": 0.2609405845294045,
        "LogLoss": 0.2599514576963611,
        "RMSE(bins)": 0.06296363368328536,
        "RMSE(bins)Ratings": {
            "1": 0.11261906778010054,
            "2": 0.1947514753951891,
            "3": 0.06840271910587725,
            "4": 0.024438350045536107
        }
    },
    "user": "43f1660",
    "size": 7460,
    "weights": [
        0.9071,
        1.4199,
        5.1972,
        10.9,
        4.526,
        0.8096,
        1.1151,
        0.1583,
        1.9423,
        0.1,
        1.3686,
        2.2667,
        0.0567,
        0.3952,
        1.2375,
        0.109,
        3.3111
    ]
}