{
    "FSRSv4": {
        "RMSE": 0.16913322981114526,
        "LogLoss": 0.12195601155212907,
        "RMSE(bins)": 0.02414177859877658,
        "RMSE(bins)Ratings": {
            "1": 0.035515445024530606,
            "2": 0.1759771424031264,
            "3": 0.03963132445610174,
            "4": 0.029087835530396677
        }
    },
    "user": "ea00ab4",
    "size": 110930,
    "weights": [
        2.9582,
        5.734,
        15.474,
        67.4566,
        4.546,
        1.3634,
        0.9401,
        0.0,
        2.0757,
        0.3415,
        1.4839,
        2.3837,
        0.0832,
        0.3656,
        2.0,
        0.3085,
        2.132
    ]
}