{
    "FSRSv4": {
        "RMSE": 0.4183824212423678,
        "LogLoss": 0.5305384284903654,
        "RMSE(bins)": 0.03302389519713128,
        "RMSE(bins)Ratings": {
            "1": 0.09430955104255472,
            "2": 0.06218657296879083,
            "3": 0.026216709979255896,
            "4": 0.05921461171173641
        }
    },
    "user": "34305d6",
    "size": 502850,
    "weights": [
        0.3237,
        0.7006,
        2.2311,
        10.9,
        3.737,
        1.1052,
        0.6906,
        0.0,
        0.8794,
        0.3352,
        1.2381,
        1.1702,
        0.0917,
        0.4881,
        1.1254,
        0.3759,
        2.1166
    ]
}