{
    "FSRSv4": {
        "RMSE": 0.2772654574292773,
        "LogLoss": 0.28311263953657423,
        "RMSE(bins)": 0.06859003631838101,
        "RMSE(bins)Ratings": {
            "1": 0.15318319611349726,
            "2": 0.08510315849521838,
            "3": 0.03724075778826549,
            "4": 0.07678768476840285
        }
    },
    "user": "fab092a",
    "size": 5760,
    "weights": [
        0.1739,
        0.5575,
        3.2002,
        120.9066,
        4.7094,
        0.7154,
        0.8246,
        0.0667,
        1.7575,
        0.1964,
        1.2116,
        2.2,
        0.0506,
        0.3043,
        1.6143,
        0.699,
        3.055
    ]
}