{
    "FSRSv4": {
        "RMSE": 0.29716530005875696,
        "LogLoss": 0.31251695699904086,
        "RMSE(bins)": 0.02522936740653302,
        "RMSE(bins)Ratings": {
            "1": 0.02937946996628051,
            "2": 0.1017837759839581,
            "3": 0.02559693985029008,
            "4": 0.04642665045887876
        }
    },
    "user": "0886157",
    "size": 4080,
    "weights": [
        0.4979,
        1.5136,
        3.3426,
        4.6785,
        4.816,
        0.8935,
        0.8389,
        0.0036,
        1.6419,
        0.1,
        1.096,
        2.3203,
        0.0286,
        0.466,
        1.3302,
        0.0029,
        2.6149
    ]
}