{
    "FSRSv4": {
        "RMSE": 0.40256120147403646,
        "LogLoss": 0.5005170876529803,
        "RMSE(bins)": 0.03859616642156564,
        "RMSE(bins)Ratings": {
            "1": 0.07769327739881969,
            "2": 0.07455105170571234,
            "3": 0.03071300262688093,
            "4": 0.09393758561140225
        }
    },
    "user": "5f77ef0",
    "size": 458955,
    "weights": [
        0.1697,
        0.675,
        1.3091,
        4.4942,
        2.1567,
        1.7243,
        0.6968,
        0.0073,
        0.807,
        0.1,
        0.9254,
        1.9081,
        0.0158,
        0.2641,
        1.321,
        0.4364,
        6.9056
    ]
}