{
    "FSRSv4": {
        "RMSE": 0.38473441692300203,
        "LogLoss": 0.45640610468780707,
        "RMSE(bins)": 0.06781585172683086,
        "RMSE(bins)Ratings": {
            "1": 0.11667390373397558,
            "2": 0.15919003127677672,
            "3": 0.08053331654782028,
            "4": 0.07911260276224179
        }
    },
    "user": "5d273e6",
    "size": 2100,
    "weights": [
        0.1328,
        0.6382,
        1.7443,
        15.7688,
        4.8073,
        0.8229,
        0.7907,
        0.036,
        1.572,
        0.1315,
        1.0166,
        2.2406,
        0.0195,
        0.3886,
        1.443,
        0.2181,
        2.8079
    ]
}