{
    "FSRSv4": {
        "RMSE": 0.3342735718120579,
        "LogLoss": 0.370648935757521,
        "RMSE(bins)": 0.1433212047162725,
        "RMSE(bins)Ratings": {
            "1": 0.27837635129212807,
            "2": 0.2232978527957652,
            "3": 0.07255615560741797,
            "4": 0.09238580418355086
        }
    },
    "user": "e37d9b3",
    "size": 705,
    "weights": [
        0.0007,
        0.0126,
        0.9208,
        16.1285,
        5.1041,
        1.0676,
        1.0475,
        0.0,
        1.3461,
        0.2835,
        0.7951,
        2.2168,
        0.0239,
        0.3663,
        1.3201,
        0.1032,
        2.5896
    ]
}