{
    "FSRSv4": {
        "RMSE": 0.3985079032788306,
        "LogLoss": 0.48977052920682135,
        "RMSE(bins)": 0.07139185751812505,
        "RMSE(bins)Ratings": {
            "1": 0.112495023036566,
            "2": 0.2758311190088896,
            "3": 0.098012060843728,
            "4": 0.1723654137854481
        }
    },
    "user": "38ea109",
    "size": 455,
    "weights": [
        0.1302,
        1.2949,
        1.8549,
        3.279,
        4.8899,
        1.0133,
        0.8466,
        0.0795,
        1.5627,
        0.2078,
        1.0121,
        2.248,
        0.01,
        0.4075,
        1.3285,
        0.3627,
        2.5338
    ]
}