{
    "FSRSv4": {
        "RMSE": 0.393157736788828,
        "LogLoss": 0.48769040210014514,
        "RMSE(bins)": 0.03032779033920136,
        "RMSE(bins)Ratings": {
            "1": 0.05269656387253596,
            "2": 0.05427373418684711,
            "3": 0.01870579549529383,
            "4": 0.048524474647764645
        }
    },
    "user": "fef1143",
    "size": 84915,
    "weights": [
        0.1634,
        0.2603,
        1.3112,
        10.1051,
        4.0002,
        0.5469,
        0.7392,
        0.0,
        1.108,
        0.1044,
        0.8673,
        2.4057,
        0.0128,
        0.2667,
        1.1725,
        0.2503,
        5.1559
    ]
}