{
    "FSRSv4": {
        "RMSE": 0.28126573698802687,
        "LogLoss": 0.28274708404653004,
        "RMSE(bins)": 0.04193882298492161,
        "RMSE(bins)Ratings": {
            "1": 0.11199574236413848,
            "2": 0.04149638659420719,
            "3": 0.04268413123847851,
            "4": 0.05367635869639649
        }
    },
    "user": "8c0e419",
    "size": 19400,
    "weights": [
        0.3878,
        0.5014,
        1.1305,
        28.6758,
        4.8316,
        1.2509,
        0.861,
        0.1679,
        1.6918,
        0.1,
        1.0605,
        2.3752,
        0.01,
        0.3607,
        0.1126,
        0.2958,
        4.4965
    ]
}