{
    "FSRSv4": {
        "RMSE": 0.36474627742264687,
        "LogLoss": 0.4329214989489482,
        "RMSE(bins)": 0.03831143601461284,
        "RMSE(bins)Ratings": {
            "1": 0.07109211716029125,
            "2": 0.10400176888433739,
            "3": 0.02209652074008076,
            "4": 0.08814127188029637
        }
    },
    "user": "46a95e8",
    "size": 15865,
    "weights": [
        0.2733,
        0.6648,
        1.4024,
        1.8266,
        4.9919,
        0.8776,
        1.1089,
        0.0,
        1.5038,
        0.2626,
        0.9646,
        2.1025,
        0.0805,
        0.2984,
        1.1956,
        0.0227,
        2.6792
    ]
}