{
    "FSRSv4": {
        "RMSE": 0.3054971182067906,
        "LogLoss": 0.33145835744594143,
        "RMSE(bins)": 0.026533660135509254,
        "RMSE(bins)Ratings": {
            "1": 0.045416663342389335,
            "2": 0.17724786669600323,
            "3": 0.036570592008280035,
            "4": 0.06254759075401711
        }
    },
    "user": "8eb67bb",
    "size": 8375,
    "weights": [
        0.9385,
        1.2246,
        1.8256,
        21.3442,
        4.788,
        1.2807,
        0.9173,
        0.134,
        1.7286,
        0.1,
        1.1848,
        2.2009,
        0.0727,
        0.3725,
        1.4304,
        0.3168,
        3.0149
    ]
}