{
    "FSRSv4": {
        "RMSE": 0.3099452781519136,
        "LogLoss": 0.339759530519052,
        "RMSE(bins)": 0.03771457133675566,
        "RMSE(bins)Ratings": {
            "1": 0.12022978622905796,
            "2": 0.0383441629593589,
            "3": 0.04208006976497598,
            "4": 0.1061343820061146
        }
    },
    "user": "95b389b",
    "size": 23165,
    "weights": [
        0.3709,
        0.8984,
        1.7057,
        10.9,
        5.0337,
        0.9024,
        1.258,
        0.014,
        1.8632,
        0.3802,
        1.3577,
        2.0471,
        0.0602,
        0.3056,
        1.7541,
        0.3269,
        1.1541
    ]
}