{
    "FSRSv4": {
        "RMSE": 0.25376835145850707,
        "LogLoss": 0.24057371839726116,
        "RMSE(bins)": 0.021925335482334524,
        "RMSE(bins)Ratings": {
            "1": 0.03873747354451642,
            "2": 0.040851506990355176,
            "3": 0.0600961753042499,
            "4": 0.030890165739779887
        }
    },
    "user": "d1260ae",
    "size": 6835,
    "weights": [
        5.8578,
        5.8578,
        5.8578,
        26.375,
        5.1002,
        0.6913,
        0.6434,
        0.2204,
        1.2838,
        0.4672,
        0.7464,
        2.4802,
        0.0581,
        0.6783,
        1.6803,
        0.0289,
        2.4146
    ]
}