{
    "FSRSv4": {
        "RMSE": 0.2795438352145764,
        "LogLoss": 0.28708548663093114,
        "RMSE(bins)": 0.031087248253238945,
        "RMSE(bins)Ratings": {
            "1": 0.08005145976694614,
            "2": 0.04328987024729671,
            "3": 0.02449930022401409,
            "4": 0.03194754835314711
        }
    },
    "user": "df33889",
    "size": 12310,
    "weights": [
        0.4034,
        1.3877,
        3.6259,
        6.1504,
        4.9896,
        1.0143,
        0.9354,
        0.1684,
        1.6125,
        0.1002,
        1.0711,
        2.0628,
        0.1401,
        0.2971,
        1.3146,
        0.3623,
        2.2124
    ]
}