{
    "FSRSv4": {
        "RMSE": 0.4205724699585257,
        "LogLoss": 0.5367929632432729,
        "RMSE(bins)": 0.04627288812600456,
        "RMSE(bins)Ratings": {
            "1": 0.11550585978786058,
            "2": 0.06653082672642326,
            "3": 0.03465458221606949,
            "4": 0.06793256536164076
        }
    },
    "user": "34305d6",
    "size": 502850,
    "weights": [
        0.3979,
        0.7958,
        2.2507,
        10.5602,
        3.8844,
        1.0103,
        0.7076,
        0.0,
        0.8055,
        0.3149,
        1.225,
        1.1458,
        0.1371,
        0.5611,
        1.1763,
        0.4485,
        1.729
    ]
}