{
    "FSRSv4": {
        "RMSE": 0.39905634550896385,
        "LogLoss": 0.4841740844148099,
        "RMSE(bins)": 0.076100382322024,
        "RMSE(bins)Ratings": {
            "1": 0.14037448844999945,
            "3": 0.09763596610942887
        }
    },
    "user": "937810d",
    "size": 1310,
    "weights": [
        0.1271,
        3.5285,
        15.0972,
        39.7894,
        4.9246,
        0.9456,
        0.9308,
        0.0053,
        1.5208,
        0.1496,
        0.9711,
        2.0131,
        0.2,
        0.1682,
        1.0894,
        0.29,
        2.61
    ]
}