{
    "FSRSv4": {
        "RMSE": 0.3878750116718615,
        "LogLoss": 0.46322942289238805,
        "RMSE(bins)": 0.11968551366551841,
        "RMSE(bins)Ratings": {
            "1": 0.16613132340098605,
            "3": 0.08656906871275402
        }
    },
    "user": "937810d",
    "size": 1310,
    "weights": [
        0.1271,
        3.5285,
        15.0972,
        39.7894,
        4.847,
        0.8179,
        0.7401,
        0.035,
        1.5705,
        0.2135,
        1.0193,
        2.1484,
        0.1233,
        0.3279,
        1.282,
        0.29,
        2.61
    ]
}