{
    "FSRSv4": {
        "RMSE": 0.3287311813044544,
        "LogLoss": 0.3700511220837919,
        "RMSE(bins)": 0.0354429528529251,
        "RMSE(bins)Ratings": {
            "1": 0.06712720550104091,
            "2": 0.1510190208186873,
            "3": 0.03139364135930934,
            "4": 0.04118331636729293
        }
    },
    "user": "aff4c12",
    "size": 20140,
    "weights": [
        0.4712,
        0.5948,
        0.8438,
        104.1653,
        4.8121,
        0.7035,
        1.1735,
        0.0,
        1.7358,
        0.3288,
        1.1879,
        2.2995,
        0.0374,
        0.3323,
        1.4718,
        0.1231,
        3.1424
    ]
}