{
    "FSRSv4": {
        "RMSE": 0.36855686250031566,
        "LogLoss": 0.43995743049096275,
        "RMSE(bins)": 0.02835604699211565,
        "RMSE(bins)Ratings": {
            "1": 0.051708783806397415,
            "2": 0.16542877822226154,
            "3": 0.021823601912413275,
            "4": 0.02870264064293926
        }
    },
    "user": "7acd353",
    "size": 85935,
    "weights": [
        0.3595,
        0.3595,
        1.4018,
        3.4727,
        4.5903,
        1.8027,
        1.203,
        0.0,
        1.6758,
        0.3691,
        1.0059,
        2.7026,
        0.0141,
        0.266,
        1.6372,
        0.0286,
        4.5085
    ]
}