{
    "FSRSv4": {
        "RMSE": 0.36613986022240286,
        "LogLoss": 0.43473311556946365,
        "RMSE(bins)": 0.03961883708400829,
        "RMSE(bins)Ratings": {
            "1": 0.06079591650807969,
            "2": 0.04709158029890329,
            "3": 0.03774112763799498,
            "4": 0.02622438032569992
        }
    },
    "user": "23e35f5",
    "size": 176410,
    "weights": [
        0.2709,
        0.2709,
        0.9716,
        67.0849,
        3.3731,
        2.1414,
        1.4014,
        0.0,
        1.6016,
        0.1619,
        1.1022,
        2.5423,
        0.068,
        0.2109,
        1.4944,
        0.2044,
        6.9616
    ]
}