{
    "FSRSv4": {
        "RMSE": 0.30563455005758355,
        "LogLoss": 0.33245636184460414,
        "RMSE(bins)": 0.03293037310796615,
        "RMSE(bins)Ratings": {
            "1": 0.09906852751413979,
            "2": 0.041564030003294936,
            "3": 0.03350244874284797,
            "4": 0.10314324918623856
        }
    },
    "user": "95b389b",
    "size": 23165,
    "weights": [
        0.4051,
        0.9,
        1.6742,
        10.9,
        4.6887,
        0.3803,
        1.2401,
        0.031,
        1.8898,
        0.3917,
        1.3326,
        2.335,
        0.01,
        0.371,
        2.0,
        0.4549,
        1.0
    ]
}