{
    "FSRSv4": {
        "RMSE": 0.3988443789730356,
        "LogLoss": 0.5099702982934015,
        "RMSE(bins)": 0.0853000973268608,
        "RMSE(bins)Ratings": {
            "1": 0.10455180269414842,
            "3": 0.08395167972122068
        }
    },
    "user": "fba6829",
    "size": 10660,
    "weights": [
        0.3523,
        0.5838,
        1.2453,
        2.0636,
        4.7953,
        0.3706,
        1.1168,
        0.0,
        1.6283,
        0.2633,
        1.1225,
        2.1915,
        0.1324,
        0.4007,
        1.7719,
        0.5471,
        3.0363
    ]
}