{
    "FSRSv4": {
        "RMSE": 0.28285643036819547,
        "LogLoss": 0.279146356377993,
        "RMSE(bins)": 0.03541832338672545,
        "RMSE(bins)Ratings": {
            "1": 0.0877274763086867,
            "2": 0.14801808397066502,
            "3": 0.028807535856727618,
            "4": 0.0287071466505201
        }
    },
    "user": "7e5ff3c",
    "size": 11740,
    "weights": [
        0.2408,
        1.4067,
        5.4366,
        28.6531,
        4.6296,
        0.7726,
        1.3472,
        0.0,
        1.9029,
        0.1,
        1.3341,
        2.202,
        0.0656,
        0.3137,
        1.9753,
        0.096,
        3.4518
    ]
}