{
    "FSRSv4": {
        "RMSE": 0.3186665856531077,
        "LogLoss": 0.34463487653616404,
        "RMSE(bins)": 0.02648564899854267,
        "RMSE(bins)Ratings": {
            "1": 0.0374357143983444,
            "2": 0.1292604256515774,
            "3": 0.025074591346246195,
            "4": 0.24717480830692387
        }
    },
    "user": "4181a16",
    "size": 317385,
    "weights": [
        1.6277,
        2.0941,
        6.2956,
        19.9356,
        1.8828,
        2.6046,
        2.465,
        0.0,
        1.9747,
        0.5392,
        1.3242,
        2.7252,
        0.0149,
        0.3454,
        1.2514,
        0.502,
        9.7054
    ]
}