{
    "FSRSv4": {
        "RMSE": 0.27726482740778463,
        "LogLoss": 0.2820657859450323,
        "RMSE(bins)": 0.026091720609464977,
        "RMSE(bins)Ratings": {
            "1": 0.06600272890241841,
            "2": 0.03837690303382483,
            "3": 0.02443934655266138,
            "4": 0.03487561476327775
        }
    },
    "user": "df33889",
    "size": 12310,
    "weights": [
        0.4034,
        1.3877,
        3.6259,
        6.1504,
        4.9047,
        0.7767,
        1.0707,
        0.0787,
        1.6398,
        0.1164,
        1.1033,
        2.1754,
        0.1161,
        0.3735,
        1.6194,
        0.4516,
        2.0535
    ]
}