{
    "FSRSv4": {
        "RMSE": 0.1692719360932127,
        "LogLoss": 0.1223916070212693,
        "RMSE(bins)": 0.02534497411360956,
        "RMSE(bins)Ratings": {
            "1": 0.037605138993783316,
            "2": 0.1855413987308237,
            "3": 0.04385174091461059,
            "4": 0.029231373029117456
        }
    },
    "user": "ea00ab4",
    "size": 110930,
    "weights": [
        2.8888,
        5.5492,
        14.7738,
        65.5871,
        4.552,
        1.5102,
        0.6324,
        0.0,
        2.0956,
        0.3228,
        1.4802,
        2.5274,
        0.096,
        0.3774,
        1.9191,
        0.393,
        1.8446
    ]
}