{
    "FSRSv4": {
        "RMSE": 0.4673646323313131,
        "LogLoss": 0.6311696417299149,
        "RMSE(bins)": 0.07481788689705716,
        "RMSE(bins)Ratings": {
            "1": 0.09108974671949954,
            "2": 0.41454267901889225,
            "3": 0.25965080834022713,
            "4": 0.09297096936021429
        }
    },
    "user": "6231ad3",
    "size": 12400,
    "weights": [
        0.109,
        0.4569,
        0.4569,
        1.0897,
        5.1315,
        0.6768,
        0.2815,
        0.0056,
        0.8256,
        0.3473,
        0.3286,
        2.1032,
        0.073,
        0.2935,
        1.6357,
        0.6074,
        1.8826
    ]
}