{
    "FSRSv4": {
        "RMSE": 0.282501858470929,
        "LogLoss": 0.2774815919974919,
        "RMSE(bins)": 0.03854954659511756,
        "RMSE(bins)Ratings": {
            "1": 0.08615225562942631,
            "2": 0.13427226800464584,
            "3": 0.028367378185892862,
            "4": 0.029337287137447793
        }
    },
    "user": "7e5ff3c",
    "size": 11740,
    "weights": [
        0.1975,
        1.375,
        5.2213,
        29.3659,
        4.5674,
        0.7568,
        1.3822,
        0.0003,
        1.9347,
        0.1,
        1.3628,
        2.2428,
        0.0654,
        0.2764,
        2.0,
        0.0557,
        3.5052
    ]
}