{
    "FSRSv4": {
        "RMSE": 0.33301009308592117,
        "LogLoss": 0.371600926956249,
        "RMSE(bins)": 0.04191939999011404,
        "RMSE(bins)Ratings": {
            "1": 0.06538490032266532,
            "2": 0.02379132325121805,
            "3": 0.029732708874567026,
            "4": 0.048458922772961766
        }
    },
    "user": "0efe6f3",
    "size": 8860,
    "weights": [
        0.3389,
        0.9806,
        1.0492,
        8.7866,
        4.9232,
        0.8687,
        1.0436,
        0.002,
        1.5556,
        0.1,
        0.9916,
        2.2463,
        0.0364,
        0.388,
        1.5847,
        0.6277,
        2.248
    ]
}