{
    "FSRSv4": {
        "RMSE": 0.42470210681650317,
        "LogLoss": 0.547008469819494,
        "RMSE(bins)": 0.04626028853406933,
        "RMSE(bins)Ratings": {
            "1": 0.06374154404405086,
            "2": 0.46197798548769586,
            "3": 0.0506056499625303,
            "4": 0.08612208455753857
        }
    },
    "user": "7e2c252",
    "size": 82805,
    "weights": [
        0.1,
        0.3918,
        0.994,
        10.9,
        4.5833,
        0.3697,
        0.5648,
        0.0304,
        1.0224,
        0.1,
        0.6606,
        2.1371,
        0.1669,
        0.4152,
        1.7159,
        0.9133,
        5.2061
    ]
}