{
    "FSRSv4": {
        "RMSE": 0.08908538827424402,
        "LogLoss": 0.04946618841569226,
        "RMSE(bins)": 0.020773255632660612,
        "RMSE(bins)Ratings": {
            "1": 0.057585341544299444,
            "3": 0.027843908899886083
        }
    },
    "user": "fa8a065",
    "size": 13665,
    "weights": [
        67.0643,
        87.6304,
        130.8882,
        171.0267,
        4.0244,
        0.589,
        0.6019,
        0.3153,
        2.4958,
        0.1,
        1.84,
        2.379,
        0.0574,
        0.5407,
        1.4541,
        0.29,
        2.61
    ]
}