{
    "FSRSv4": {
        "RMSE": 0.32489837403088084,
        "LogLoss": 0.3511537239854845,
        "RMSE(bins)": 0.12193770277161396,
        "RMSE(bins)Ratings": {
            "1": 0.26482062871702994,
            "2": 0.19040366718447216,
            "3": 0.04942544861041654,
            "4": 0.08544752532904874
        }
    },
    "user": "e37d9b3",
    "size": 705,
    "weights": [
        0.0007,
        0.012,
        0.9059,
        16.2037,
        5.0033,
        0.969,
        0.9351,
        0.0,
        1.417,
        0.2168,
        0.8672,
        2.1371,
        0.1003,
        0.2973,
        1.2012,
        0.2154,
        2.6858
    ]
}