{
    "FSRSv4": {
        "RMSE": 0.37653707339954356,
        "LogLoss": 0.45568520797467377,
        "RMSE(bins)": 0.13438432669364553,
        "RMSE(bins)Ratings": {
            "1": 0.14065584895437477,
            "3": 0.09930303562800386
        }
    },
    "user": "937810d",
    "size": 1310,
    "weights": [
        0.1837,
        4.4558,
        15.4208,
        35.2824,
        4.8654,
        0.8365,
        0.7594,
        0.054,
        1.5525,
        0.193,
        1.0013,
        2.1794,
        0.0568,
        0.3456,
        1.2812,
        0.29,
        2.61
    ]
}