{
    "FSRSv4": {
        "RMSE": 0.27764632595859073,
        "LogLoss": 0.2827875068992805,
        "RMSE(bins)": 0.02950534267555514,
        "RMSE(bins)Ratings": {
            "1": 0.07865046624764334,
            "2": 0.044295876581788005,
            "3": 0.02209643648275083,
            "4": 0.02915993906133376
        }
    },
    "user": "df33889",
    "size": 12310,
    "weights": [
        0.4821,
        1.4141,
        3.6306,
        6.0603,
        4.9412,
        0.7445,
        0.9864,
        0.0466,
        1.6735,
        0.1,
        1.1232,
        2.1697,
        0.1248,
        0.3674,
        1.6974,
        0.5707,
        1.6308
    ]
}