{
    "FSRSv4": {
        "RMSE": 0.27926005135095067,
        "LogLoss": 0.2892543231681034,
        "RMSE(bins)": 0.046092134482553775,
        "RMSE(bins)Ratings": {
            "1": 0.10676306838123585,
            "2": 0.10526032554914426,
            "3": 0.04817270753646143,
            "4": 0.055961059485588556
        }
    },
    "user": "4c547fa",
    "size": 2490,
    "weights": [
        1.1293,
        1.1293,
        3.1432,
        10.9,
        5.0241,
        0.8591,
        0.9929,
        0.0514,
        1.4024,
        0.2916,
        0.86,
        2.3931,
        0.0107,
        0.4683,
        1.315,
        0.6804,
        2.4026
    ]
}