{
    "FSRSv4": {
        "RMSE": 0.3365127515118986,
        "LogLoss": 0.3785935730027976,
        "RMSE(bins)": 0.036578368066045946,
        "RMSE(bins)Ratings": {
            "1": 0.09992359415151206,
            "2": 0.2930638450536811,
            "3": 0.027711511154471687,
            "4": 0.10237277758823478
        }
    },
    "user": "7948290",
    "size": 4965,
    "weights": [
        0.223,
        0.223,
        3.0032,
        4.9922,
        5.1027,
        1.2027,
        1.0359,
        0.0316,
        1.4608,
        0.1,
        0.937,
        2.1523,
        0.064,
        0.3266,
        1.4608,
        0.0636,
        3.3338
    ]
}