{
    "FSRSv4": {
        "RMSE": 0.2863710767286568,
        "LogLoss": 0.2953459899028914,
        "RMSE(bins)": 0.02427457082553408,
        "RMSE(bins)Ratings": {
            "1": 0.04545081034176554,
            "2": 0.08547192289432233,
            "3": 0.018856687591126964,
            "4": 0.025804777133469434
        }
    },
    "user": "56fefe1",
    "size": 29940,
    "weights": [
        0.4301,
        0.8768,
        3.8225,
        16.7449,
        5.2094,
        1.9564,
        1.1329,
        0.0,
        1.8892,
        0.1006,
        1.2021,
        2.4523,
        0.0155,
        0.3006,
        1.9963,
        0.0402,
        3.5188
    ]
}