{
    "FSRSv4": {
        "RMSE": 0.4192369696703068,
        "LogLoss": 0.5319309908411459,
        "RMSE(bins)": 0.035810019203991,
        "RMSE(bins)Ratings": {
            "1": 0.09543194813950917,
            "2": 0.06449368458496733,
            "3": 0.02790953488294725,
            "4": 0.05848325533673786
        }
    },
    "user": "34305d6",
    "size": 502850,
    "weights": [
        0.3237,
        0.7006,
        2.2311,
        10.9,
        3.8505,
        1.1923,
        0.8101,
        0.0,
        0.3134,
        0.2341,
        1.7022,
        0.6994,
        0.02,
        0.6202,
        1.0119,
        0.261,
        1.9807
    ]
}