{
    "FSRSv4": {
        "RMSE": 0.4186485093647555,
        "LogLoss": 0.5386212498701599,
        "RMSE(bins)": 0.07783310033774281,
        "RMSE(bins)Ratings": {
            "1": 0.12784541741826916,
            "2": 0.2466771087325907,
            "3": 0.06810043650820873,
            "4": 0.30339277136140225
        }
    },
    "user": "0342feb",
    "size": 21545,
    "weights": [
        0.1869,
        0.4939,
        2.1212,
        3.2025,
        5.3728,
        1.6861,
        0.9034,
        0.0,
        1.5809,
        0.164,
        0.9964,
        2.292,
        0.023,
        0.2793,
        0.8835,
        0.4975,
        2.8475
    ]
}