{
    "FSRSv4": {
        "RMSE": 0.1901116216857787,
        "LogLoss": 0.15191839413346508,
        "RMSE(bins)": 0.017611243290351786,
        "RMSE(bins)Ratings": {
            "1": 0.0865825480951064,
            "2": 0.0483369725706513,
            "3": 0.019133050697755224,
            "4": 0.013000483761121595
        }
    },
    "user": "a7932bc",
    "size": 12120,
    "weights": [
        0.8737,
        0.8737,
        3.2215,
        29.1835,
        4.3809,
        1.6447,
        1.3619,
        0.0,
        2.1019,
        0.1,
        1.5219,
        2.1271,
        0.0698,
        0.3682,
        1.4052,
        0.0,
        3.3429
    ]
}