{
    "FSRSv4": {
        "RMSE": 0.19489103302462063,
        "LogLoss": 0.1526006290821011,
        "RMSE(bins)": 0.017843864492676095,
        "RMSE(bins)Ratings": {
            "1": 0.03855064435495411,
            "2": 0.0477142109651043,
            "3": 0.015686379588611434,
            "4": 0.12662501340847204
        }
    },
    "user": "b091cf5",
    "size": 49775,
    "weights": [
        0.9468,
        6.4674,
        13.9465,
        13.9465,
        5.1434,
        1.7109,
        2.2533,
        0.0068,
        1.8734,
        0.1399,
        1.3432,
        1.8172,
        0.1905,
        0.6073,
        0.0248,
        0.0,
        2.9711
    ]
}