{
    "FSRSv4": {
        "RMSE": 0.2809768458858508,
        "LogLoss": 0.29494121766685466,
        "RMSE(bins)": 0.1156614381684971,
        "RMSE(bins)Ratings": {
            "1": 0.17438027638810533,
            "2": 0.2238340385122341,
            "3": 0.07168478265116014,
            "4": 0.13781230486385476
        }
    },
    "user": "5d294a0",
    "size": 2250,
    "weights": [
        0.7565,
        1.1386,
        2.1024,
        198.6639,
        4.9378,
        0.9584,
        0.8228,
        0.0884,
        1.4902,
        0.1332,
        0.9438,
        2.161,
        0.0595,
        0.3218,
        1.261,
        0.42,
        2.7056
    ]
}