{
    "FSRSv4": {
        "RMSE": 0.4165880028624051,
        "LogLoss": 0.5267297782551984,
        "RMSE(bins)": 0.029423464184456436,
        "RMSE(bins)Ratings": {
            "1": 0.07868786807043811,
            "3": 0.026846762565420214
        }
    },
    "user": "daf7929",
    "size": 11430,
    "weights": [
        0.1998,
        0.4966,
        1.946,
        4.8371,
        5.4071,
        1.3667,
        1.2834,
        0.0289,
        1.0954,
        0.1,
        0.5885,
        2.3095,
        0.0797,
        0.456,
        1.236,
        0.29,
        2.61
    ]
}