{
    "FSRSv4": {
        "RMSE": 0.3862028510076783,
        "LogLoss": 0.47511310197167345,
        "RMSE(bins)": 0.06491832755938778,
        "RMSE(bins)Ratings": {
            "1": 0.1001517320203218,
            "2": 0.7055397188339645,
            "3": 0.05445114001389374
        }
    },
    "user": "48a935a",
    "size": 181660,
    "weights": [
        0.418,
        0.7229,
        1.6437,
        2.8424,
        4.1193,
        1.5379,
        1.1687,
        0.043,
        1.0314,
        0.1,
        0.8994,
        1.9364,
        0.0148,
        0.2886,
        0.7569,
        0.0,
        2.61
    ]
}