{
    "FSRSv4": {
        "RMSE": 0.22068083860122945,
        "LogLoss": 0.1877152790580609,
        "RMSE(bins)": 0.041810014858040236,
        "RMSE(bins)Ratings": {
            "1": 0.04774281437090511,
            "2": 0.04532264020367324,
            "3": 0.02076167908550225,
            "4": 0.06157436061739076
        }
    },
    "user": "929558d",
    "size": 202060,
    "weights": [
        4.1355,
        4.1355,
        54.1026,
        187.3319,
        6.0377,
        1.3386,
        1.0221,
        0.0006,
        1.9669,
        0.1486,
        1.6583,
        2.4832,
        0.018,
        0.4714,
        0.0281,
        0.1139,
        1.6087
    ]
}