{
    "FSRSv4": {
        "RMSE": 0.2803776369509914,
        "LogLoss": 0.2821736645023256,
        "RMSE(bins)": 0.029276232094791747,
        "RMSE(bins)Ratings": {
            "1": 0.08620478086946534,
            "2": 0.03768930784456052,
            "3": 0.030915685438220975,
            "4": 0.053255305902259645
        }
    },
    "user": "8c0e419",
    "size": 19400,
    "weights": [
        0.2888,
        0.4567,
        1.1219,
        25.2777,
        4.8161,
        1.2638,
        0.8603,
        0.2367,
        1.6513,
        0.1,
        1.0925,
        2.1206,
        0.1169,
        0.3515,
        0.2595,
        0.2396,
        4.3101
    ]
}