{
    "FSRSv4": {
        "RMSE": 0.31830406311496134,
        "LogLoss": 0.3442399074468119,
        "RMSE(bins)": 0.020840967886602873,
        "RMSE(bins)Ratings": {
            "1": 0.03131904034911963,
            "2": 0.1294217181872558,
            "3": 0.019056855400764752,
            "4": 0.2536694467967012
        }
    },
    "user": "4181a16",
    "size": 317385,
    "weights": [
        1.6035,
        2.1347,
        6.5186,
        20.3526,
        1.6175,
        3.152,
        3.3545,
        0.0,
        2.0105,
        0.5416,
        1.2527,
        2.2724,
        0.0105,
        0.3479,
        1.6989,
        0.315,
        10.0
    ]
}