{
    "FSRSv4": {
        "RMSE": 0.36845487004891075,
        "LogLoss": 0.4393587915414839,
        "RMSE(bins)": 0.026124665042099794,
        "RMSE(bins)Ratings": {
            "1": 0.042090184772114854,
            "2": 0.1613397028656217,
            "3": 0.022046774045764043,
            "4": 0.034526802745145524
        }
    },
    "user": "7acd353",
    "size": 85935,
    "weights": [
        0.3287,
        0.3287,
        1.4174,
        3.7551,
        4.4568,
        1.8496,
        1.2286,
        0.0,
        1.6634,
        0.3865,
        1.0135,
        2.5175,
        0.0163,
        0.2668,
        1.7698,
        0.0283,
        4.4293
    ]
}