{
    "FSRSv4": {
        "RMSE": 0.2291554683767509,
        "LogLoss": 0.20970476847192737,
        "RMSE(bins)": 0.02918394487682505,
        "RMSE(bins)Ratings": {
            "1": 0.06188264144985237,
            "2": 0.11859574220863595,
            "3": 0.03130101027292599,
            "4": 0.020731931600565953
        }
    },
    "user": "b20f115",
    "size": 14310,
    "weights": [
        0.7987,
        2.3388,
        4.8873,
        10.9,
        4.6839,
        1.2555,
        1.0622,
        0.0,
        1.9415,
        0.1013,
        1.3912,
        2.2633,
        0.0116,
        0.299,
        1.3224,
        0.1844,
        3.9533
    ]
}