{
    "FSRSv4": {
        "RMSE": 0.34170047810041515,
        "LogLoss": 0.3881962469559892,
        "RMSE(bins)": 0.028523919036527925,
        "RMSE(bins)Ratings": {
            "1": 0.03995403242408376,
            "2": 0.05645133748109491,
            "3": 0.03370919038789931,
            "4": 0.0335801084187375
        }
    },
    "user": "e4f2afe",
    "size": 76875,
    "weights": [
        0.3727,
        0.6691,
        1.4986,
        22.4907,
        4.9783,
        1.4728,
        0.8697,
        0.0077,
        1.7803,
        0.3066,
        1.0939,
        2.778,
        0.0181,
        0.3037,
        1.5935,
        0.2535,
        4.0973
    ]
}