{
    "FSRSv4": {
        "RMSE": 0.3997294647067757,
        "LogLoss": 0.49119254098447646,
        "RMSE(bins)": 0.07039253599223418,
        "RMSE(bins)Ratings": {
            "1": 0.12178947216731274,
            "2": 0.2814392982055834,
            "3": 0.1062205035529628,
            "4": 0.15449728129202694
        }
    },
    "user": "38ea109",
    "size": 455,
    "weights": [
        0.1,
        1.2857,
        1.8198,
        3.3032,
        4.8637,
        1.0114,
        0.8452,
        0.0823,
        1.5641,
        0.2104,
        1.0136,
        2.2459,
        0.01,
        0.4056,
        1.3284,
        0.358,
        2.5338
    ]
}