{
    "FSRSv4": {
        "RMSE": 0.08907903254543598,
        "LogLoss": 0.049515330932821275,
        "RMSE(bins)": 0.02076182317945686,
        "RMSE(bins)Ratings": {
            "1": 0.05449847971398727,
            "3": 0.027750987049171155
        }
    },
    "user": "fa8a065",
    "size": 13665,
    "weights": [
        67.078,
        89.5383,
        138.0869,
        184.3238,
        4.0011,
        0.5513,
        0.5972,
        0.3472,
        2.5104,
        0.1,
        1.8566,
        2.3736,
        0.0704,
        0.5361,
        1.4422,
        0.29,
        2.61
    ]
}