{
    "FSRSv4": {
        "RMSE": 0.2573460975812575,
        "LogLoss": 0.2619204310486632,
        "RMSE(bins)": 0.07668864168431044,
        "RMSE(bins)Ratings": {
            "1": 0.07743058359549788,
            "2": 0.06176984522617326,
            "3": 0.05568935954956006,
            "4": 0.06929940237671431
        }
    },
    "user": "7c3a69d",
    "size": 1795,
    "weights": [
        1.4266,
        1.4305,
        1.4364,
        170.9543,
        4.7582,
        0.7478,
        0.8393,
        0.0,
        1.6771,
        0.1755,
        1.1226,
        2.3814,
        0.01,
        0.5105,
        1.4719,
        0.4289,
        2.7438
    ]
}