{
    "FSRSv4": {
        "RMSE": 0.2307880140066399,
        "LogLoss": 0.215380633103802,
        "RMSE(bins)": 0.06364872715862581,
        "RMSE(bins)Ratings": {
            "1": 0.11800391670279035,
            "2": 0.231210879747234,
            "3": 0.03325885403582604,
            "4": 0.05361587737601688
        }
    },
    "user": "a1108b7",
    "size": 11800,
    "weights": [
        0.5456,
        0.9717,
        1.9188,
        365.0,
        4.4859,
        0.5281,
        1.0205,
        0.2397,
        1.9813,
        0.2091,
        1.4092,
        2.2318,
        0.0908,
        0.4128,
        1.4624,
        0.0,
        3.4674
    ]
}