{
    "FSRSv4": {
        "RMSE": 0.3290950214163755,
        "LogLoss": 0.3680820428264053,
        "RMSE(bins)": 0.02072234790990761,
        "RMSE(bins)Ratings": {
            "1": 0.047536793292194186,
            "2": 0.07421212027536021,
            "3": 0.014245925045411133,
            "4": 0.07321387934035213
        }
    },
    "user": "f1f15b9",
    "size": 90275,
    "weights": [
        0.2964,
        0.5119,
        0.9931,
        162.1586,
        4.6914,
        1.3724,
        0.955,
        0.0183,
        1.7373,
        0.1799,
        1.1526,
        2.5552,
        0.01,
        0.2633,
        2.0,
        0.0462,
        6.3879
    ]
}