{
    "FSRSv4": {
        "RMSE": 0.3414752743956109,
        "LogLoss": 0.3871620259289469,
        "RMSE(bins)": 0.025941835741512945,
        "RMSE(bins)Ratings": {
            "1": 0.03398719504109182,
            "2": 0.057050757635815394,
            "3": 0.03226798115625002,
            "4": 0.03520171016431529
        }
    },
    "user": "e4f2afe",
    "size": 76875,
    "weights": [
        0.3378,
        0.6369,
        1.5156,
        22.408,
        5.0295,
        1.5528,
        0.8941,
        0.0111,
        1.7681,
        0.3377,
        1.1849,
        2.6512,
        0.0182,
        0.2977,
        1.8239,
        0.2133,
        4.9574
    ]
}