{
    "FSRSv4": {
        "RMSE": 0.3691685883485019,
        "LogLoss": 0.44120068995099354,
        "RMSE(bins)": 0.02334985561058499,
        "RMSE(bins)Ratings": {
            "1": 0.03208810737254348,
            "2": 0.15267157875322396,
            "3": 0.01965330205354642,
            "4": 0.031035697653053917
        }
    },
    "user": "7acd353",
    "size": 85935,
    "weights": [
        0.3287,
        0.3287,
        1.4174,
        3.7551,
        4.898,
        1.9737,
        1.7721,
        0.0,
        1.6751,
        0.3584,
        1.0498,
        2.3115,
        0.0232,
        0.2612,
        1.6302,
        0.0039,
        5.0627
    ]
}