{
    "FSRSv4": {
        "RMSE": 0.24581179721554675,
        "LogLoss": 0.23223514755539915,
        "RMSE(bins)": 0.02084813306779168,
        "RMSE(bins)Ratings": {
            "1": 0.0781087340435167,
            "2": 0.015865354418131195,
            "3": 0.01624366404988913,
            "4": 0.046656800013259704
        }
    },
    "user": "b200d7f",
    "size": 51190,
    "weights": [
        1.7691,
        4.1535,
        14.9424,
        51.9657,
        5.0374,
        2.3428,
        1.618,
        0.0271,
        2.06,
        0.1026,
        1.3152,
        2.1405,
        0.0508,
        0.3838,
        0.8971,
        1.0,
        5.9857
    ]
}