{
    "FSRSv4": {
        "RMSE": 0.39953787996870926,
        "LogLoss": 0.5147433352148484,
        "RMSE(bins)": 0.08765031679230782,
        "RMSE(bins)Ratings": {
            "1": 0.117540078119582,
            "3": 0.09213412336564317
        }
    },
    "user": "fba6829",
    "size": 10660,
    "weights": [
        0.3823,
        0.6106,
        1.2325,
        1.9686,
        4.6985,
        0.234,
        1.0361,
        0.0,
        1.6031,
        0.1831,
        1.119,
        2.2078,
        0.1258,
        0.4321,
        1.8691,
        0.6005,
        3.2459
    ]
}