{
    "FSRSv4": {
        "RMSE": 0.3343618640908471,
        "LogLoss": 0.3719178000787331,
        "RMSE(bins)": 0.024672311726963894,
        "RMSE(bins)Ratings": {
            "1": 0.04570237559171739,
            "2": 0.1466837723116052,
            "3": 0.016204653601681163,
            "4": 0.09513560944809582
        }
    },
    "user": "d50de1c",
    "size": 109170,
    "weights": [
        0.2324,
        0.2381,
        1.164,
        4.2095,
        5.0577,
        1.5829,
        1.754,
        0.0,
        1.8322,
        0.2846,
        1.0305,
        2.4666,
        0.025,
        0.3128,
        2.0,
        0.2281,
        4.8428
    ]
}