{
    "FSRSv4": {
        "RMSE": 0.38055985036836604,
        "LogLoss": 0.458733453371697,
        "RMSE(bins)": 0.030900909717046347,
        "RMSE(bins)Ratings": {
            "1": 0.06691280223462828,
            "2": 0.38713213628693804,
            "3": 0.028003553675703376,
            "4": 0.059318202031429866
        }
    },
    "user": "a97086c",
    "size": 18260,
    "weights": [
        0.1,
        0.2799,
        1.3102,
        10.9,
        5.009,
        1.1213,
        0.5707,
        0.0002,
        1.5232,
        0.2933,
        0.9636,
        2.0791,
        0.0974,
        0.2624,
        0.8295,
        0.1232,
        4.2604
    ]
}