{
    "FSRSv4": {
        "RMSE": 0.3819210931333642,
        "LogLoss": 0.46238932562973356,
        "RMSE(bins)": 0.034150599654537636,
        "RMSE(bins)Ratings": {
            "1": 0.06614985658119,
            "2": 0.3908727875037608,
            "3": 0.028156015577138573,
            "4": 0.055283338147989546
        }
    },
    "user": "a97086c",
    "size": 18260,
    "weights": [
        0.1151,
        0.306,
        1.326,
        10.9,
        4.9878,
        0.9498,
        0.7004,
        0.0394,
        1.4859,
        0.3127,
        0.9209,
        2.1989,
        0.0319,
        0.2949,
        0.6082,
        0.0435,
        4.3245
    ]
}