{
    "FSRSv4": {
        "RMSE": 0.439067608910939,
        "LogLoss": 0.5692794212804565,
        "RMSE(bins)": 0.04067979536324965,
        "RMSE(bins)Ratings": {
            "1": 0.08170532574345689,
            "2": 0.4525689184168985,
            "3": 0.05680209836853113,
            "4": 0.6080793890339912
        }
    },
    "user": "edfa979",
    "size": 2990,
    "weights": [
        0.1,
        0.3499,
        2.3,
        10.9,
        4.9641,
        0.9529,
        0.929,
        0.0,
        1.3606,
        0.118,
        0.8063,
        2.0341,
        0.1951,
        0.1913,
        1.1091,
        0.1463,
        2.4448
    ]
}