{
    "FSRSv4": {
        "RMSE": 0.4319680629465847,
        "LogLoss": 0.554874734085314,
        "RMSE(bins)": 0.09511111669280103,
        "RMSE(bins)Ratings": {
            "1": 0.17302648085051187,
            "2": 0.2810772689593431,
            "3": 0.04659960853135163,
            "4": 0.18000683620891256
        }
    },
    "user": "99f0ffb",
    "size": 3155,
    "weights": [
        0.1148,
        0.2569,
        0.2569,
        0.2569,
        4.8048,
        0.7266,
        0.7968,
        0.0,
        1.3982,
        0.1,
        0.84,
        2.1924,
        0.0483,
        0.3592,
        1.4212,
        0.6062,
        3.0195
    ]
}