{
    "FSRSv4": {
        "RMSE": 0.41507292072635504,
        "LogLoss": 0.5273193684927718,
        "RMSE(bins)": 0.0562769589047855,
        "RMSE(bins)Ratings": {
            "1": 0.08629923548063101,
            "2": 0.2587549310765091,
            "3": 0.06277999115550548,
            "4": 0.3050383589634346
        }
    },
    "user": "0342feb",
    "size": 21545,
    "weights": [
        0.1389,
        0.4045,
        2.011,
        3.1239,
        5.6984,
        2.03,
        0.8976,
        0.0,
        1.5742,
        0.1987,
        1.0425,
        2.168,
        0.0322,
        0.2202,
        1.3148,
        0.4534,
        3.393
    ]
}