{
    "FSRSv4": {
        "RMSE": 0.30654013737245883,
        "LogLoss": 0.32822571819976687,
        "RMSE(bins)": 0.020030776172249017,
        "RMSE(bins)Ratings": {
            "1": 0.03856764824332544,
            "2": 0.3377254926284306,
            "3": 0.014942392082806961,
            "4": 0.3708218585344493
        }
    },
    "user": "a2effc8",
    "size": 195450,
    "weights": [
        0.2824,
        1.2177,
        1.2177,
        14.2925,
        4.8281,
        1.9873,
        2.0327,
        0.0,
        1.826,
        0.2094,
        1.2272,
        2.5289,
        0.014,
        0.2509,
        1.9874,
        0.9997,
        2.5136
    ]
}