{
    "FSRSv4": {
        "RMSE": 0.3649005698349183,
        "LogLoss": 0.43334458185148456,
        "RMSE(bins)": 0.05124166226188616,
        "RMSE(bins)Ratings": {
            "1": 0.0874902602844038,
            "2": 0.10893697896131627,
            "3": 0.029868659895926675,
            "4": 0.07814495214109038
        }
    },
    "user": "46a95e8",
    "size": 15865,
    "weights": [
        0.3326,
        0.7511,
        1.4565,
        2.0246,
        4.7504,
        0.4924,
        1.0174,
        0.0062,
        1.4992,
        0.3167,
        0.9492,
        2.2749,
        0.0142,
        0.3009,
        1.3078,
        0.0903,
        2.3155
    ]
}