{
    "FSRSv4": {
        "RMSE": 0.43821059956551345,
        "LogLoss": 0.5681074893791931,
        "RMSE(bins)": 0.03450209089237628,
        "RMSE(bins)Ratings": {
            "1": 0.08917715445480189,
            "2": 0.3522364818627321,
            "3": 0.04124907513436012,
            "4": 0.6635091176289161
        }
    },
    "user": "edfa979",
    "size": 2990,
    "weights": [
        0.1,
        0.3499,
        2.3,
        10.9,
        4.9551,
        0.8018,
        0.7034,
        0.0353,
        1.4066,
        0.1276,
        0.8535,
        2.0616,
        0.169,
        0.2239,
        1.1325,
        0.1815,
        2.4449
    ]
}