{
    "FSRSv4": {
        "RMSE": 0.28014471222472204,
        "LogLoss": 0.2815688508263664,
        "RMSE(bins)": 0.03077098031262408,
        "RMSE(bins)Ratings": {
            "1": 0.08221366833730531,
            "2": 0.558060153581307,
            "3": 0.03574824492699684,
            "4": 0.04719622785701489
        }
    },
    "user": "77e570b",
    "size": 8150,
    "weights": [
        1.3872,
        1.3872,
        4.1024,
        11.5646,
        4.9954,
        1.2723,
        1.1964,
        0.0002,
        1.6542,
        0.1143,
        1.1037,
        2.293,
        0.0158,
        0.4548,
        0.8035,
        0.0,
        3.464
    ]
}