{
    "FSRSv4": {
        "RMSE": 0.4403927549846492,
        "LogLoss": 0.5777430124661563,
        "RMSE(bins)": 0.0680239877374497,
        "RMSE(bins)Ratings": {
            "1": 0.11357055247023096,
            "2": 0.4084244008739645,
            "3": 0.059174173994475845,
            "4": 0.809261267823771
        }
    },
    "user": "edfa979",
    "size": 2990,
    "weights": [
        0.1395,
        0.3087,
        3.6169,
        11.8672,
        4.8861,
        0.6564,
        0.651,
        0.0206,
        1.4116,
        0.2101,
        0.8441,
        2.0915,
        0.1451,
        0.2706,
        1.1373,
        0.2563,
        2.2385
    ]
}