{
    "FSRSv4": {
        "RMSE": 0.3912053336558515,
        "LogLoss": 0.47995615790195834,
        "RMSE(bins)": 0.039287737576707324,
        "RMSE(bins)Ratings": {
            "1": 0.09148936533612975,
            "2": 0.12020703220779842,
            "3": 0.04288395280636357,
            "4": 0.07883626126178118
        }
    },
    "user": "a1c71b0",
    "size": 2920,
    "weights": [
        0.3526,
        1.4055,
        2.3113,
        3.074,
        5.0881,
        1.0926,
        0.9336,
        0.0,
        1.2139,
        0.3999,
        0.6613,
        2.2576,
        0.01,
        0.3681,
        1.4529,
        0.0501,
        2.3365
    ]
}