{
    "FSRSv4": {
        "RMSE": 0.08920165843184559,
        "LogLoss": 0.049758461669228864,
        "RMSE(bins)": 0.02106825552603414,
        "RMSE(bins)Ratings": {
            "1": 0.08371951163531743,
            "3": 0.02812180288179758
        }
    },
    "user": "fa8a065",
    "size": 13665,
    "weights": [
        67.078,
        89.5383,
        138.0869,
        184.3238,
        3.7738,
        0.2442,
        0.5158,
        0.5,
        2.7131,
        0.1,
        2.0383,
        2.3091,
        0.1756,
        0.466,
        1.4456,
        0.29,
        2.61
    ]
}