{
    "FSRSv4": {
        "RMSE": 0.4337799707612342,
        "LogLoss": 0.5613511091112174,
        "RMSE(bins)": 0.06841660163011865,
        "RMSE(bins)Ratings": {
            "1": 0.10215458926412521,
            "2": 0.6383572696131371,
            "3": 0.06334773625839052,
            "4": 0.10564858374425991
        }
    },
    "user": "f0feefe",
    "size": 10115,
    "weights": [
        0.1,
        0.3783,
        1.1382,
        10.9,
        5.1526,
        1.065,
        0.8735,
        0.2309,
        1.1762,
        0.2321,
        0.6742,
        1.9721,
        0.1853,
        0.209,
        1.0676,
        0.271,
        3.2471
    ]
}