{
    "FSRSv4": {
        "RMSE": 0.308152406158335,
        "LogLoss": 0.3386602572811257,
        "RMSE(bins)": 0.03421133946161614,
        "RMSE(bins)Ratings": {
            "1": 0.034019617656504096,
            "2": 0.09449649926624218,
            "3": 0.03715870130387942,
            "4": 0.03955863518027203
        }
    },
    "user": "8eb67bb",
    "size": 8375,
    "weights": [
        0.9385,
        1.2246,
        1.8256,
        21.3442,
        4.7463,
        1.2518,
        0.7102,
        0.1966,
        1.6954,
        0.1286,
        1.1662,
        2.1727,
        0.077,
        0.341,
        1.2276,
        0.1053,
        2.9045
    ]
}