{
    "FSRSv4": {
        "RMSE": 0.3762513591421555,
        "LogLoss": 0.4489023720641178,
        "RMSE(bins)": 0.06713260253814761,
        "RMSE(bins)Ratings": {
            "1": 0.15833652235181292,
            "2": 0.062437887607461134,
            "3": 0.058670958368278965,
            "4": 0.06265363967734075
        }
    },
    "user": "8ab976e",
    "size": 735955,
    "weights": [
        0.1,
        0.2483,
        0.9717,
        20.7055,
        3.5813,
        1.7787,
        0.6404,
        0.0229,
        1.0241,
        0.1015,
        1.1771,
        1.4519,
        0.013,
        0.114,
        0.9987,
        0.1564,
        1.3775
    ]
}