{
    "FSRSv4": {
        "RMSE": 0.39844198116351803,
        "LogLoss": 0.5169140413428185,
        "RMSE(bins)": 0.20266287309596784,
        "RMSE(bins)Ratings": {
            "1": 0.21908681633146126,
            "2": 0.46479334696551694,
            "3": 0.25655530212021666,
            "4": 0.06379896646317995
        }
    },
    "user": "dff174d",
    "size": 75,
    "weights": [
        0.784,
        0.9,
        2.3,
        4.2992,
        5.0456,
        1.0377,
        0.9728,
        0.0398,
        1.3757,
        0.2544,
        0.8254,
        2.0966,
        0.1274,
        0.2508,
        1.2337,
        0.1779,
        2.7303
    ]
}