{
    "FSRSv4": {
        "RMSE": 0.32856095917811856,
        "LogLoss": 0.36967570936125543,
        "RMSE(bins)": 0.034745997935247006,
        "RMSE(bins)Ratings": {
            "1": 0.06639592271320433,
            "2": 0.14864173271961623,
            "3": 0.03035871824582802,
            "4": 0.04325770574301428
        }
    },
    "user": "aff4c12",
    "size": 20140,
    "weights": [
        0.4712,
        0.5948,
        0.8438,
        104.1653,
        4.5402,
        0.5669,
        0.8726,
        0.0,
        1.7126,
        0.3515,
        1.1582,
        2.3449,
        0.0444,
        0.3369,
        1.6804,
        0.0919,
        3.1619
    ]
}