{
    "FSRSv4": {
        "RMSE": 0.4145264658701359,
        "LogLoss": 0.5213800304682892,
        "RMSE(bins)": 0.12674638520866152,
        "RMSE(bins)Ratings": {
            "1": 0.2137238456771685,
            "2": 0.16424495215011037,
            "3": 0.0993700061714294,
            "4": 0.7255128575556198
        }
    },
    "user": "9b3b6b2",
    "size": 3575,
    "weights": [
        0.3598,
        1.9619,
        3.5797,
        10.9,
        5.0842,
        0.933,
        1.0875,
        0.0612,
        1.5091,
        0.287,
        0.9605,
        2.1976,
        0.0551,
        0.362,
        1.3253,
        0.2121,
        2.61
    ]
}