{
    "FSRSv4": {
        "RMSE": 0.36632833743004406,
        "LogLoss": 0.43587024767937155,
        "RMSE(bins)": 0.04762921374328857,
        "RMSE(bins)Ratings": {
            "1": 0.07154163276645534,
            "2": 0.05272386060142997,
            "3": 0.044772928772931854,
            "4": 0.03151431201886435
        }
    },
    "user": "23e35f5",
    "size": 176410,
    "weights": [
        0.3153,
        0.3153,
        1.0119,
        65.3905,
        3.0033,
        1.53,
        0.9689,
        0.0031,
        1.5825,
        0.1497,
        0.9743,
        2.8383,
        0.0128,
        0.2268,
        1.2897,
        0.2409,
        5.8922
    ]
}