{
    "FSRSv4": {
        "RMSE": 0.30600861176435157,
        "LogLoss": 0.3327245429795102,
        "RMSE(bins)": 0.030539498908104486,
        "RMSE(bins)Ratings": {
            "1": 0.04628639007930196,
            "2": 0.14697431751890971,
            "3": 0.043970220442711455,
            "4": 0.04105911824855543
        }
    },
    "user": "8eb67bb",
    "size": 8375,
    "weights": [
        0.988,
        1.2744,
        1.8671,
        20.9706,
        4.7847,
        1.2731,
        0.886,
        0.1513,
        1.712,
        0.1,
        1.1691,
        2.2206,
        0.0677,
        0.3848,
        1.4233,
        0.3133,
        2.77
    ]
}