{
    "FSRSv4": {
        "RMSE": 0.4047680187195646,
        "LogLoss": 0.5007829040362425,
        "RMSE(bins)": 0.07543571066118779,
        "RMSE(bins)Ratings": {
            "1": 0.13786649190575365,
            "2": 0.2159344449750688,
            "3": 0.11701932199997846,
            "4": 0.2492332733280826
        }
    },
    "user": "38ea109",
    "size": 455,
    "weights": [
        0.1,
        1.2857,
        1.8198,
        3.3032,
        4.8172,
        0.8431,
        0.7443,
        0.1265,
        1.6014,
        0.1,
        1.0495,
        2.1825,
        0.0383,
        0.3356,
        1.2168,
        0.2874,
        2.4899
    ]
}