{
    "FSRSv4": {
        "RMSE": 0.2931997440281736,
        "LogLoss": 0.3047592158585492,
        "RMSE(bins)": 0.03139327056402768,
        "RMSE(bins)Ratings": {
            "1": 0.11440686365318363,
            "2": 0.1326182056644146,
            "3": 0.0276445718631623,
            "4": 0.052599674241856104
        }
    },
    "user": "0886157",
    "size": 4080,
    "weights": [
        0.5407,
        1.6492,
        3.3829,
        4.6716,
        4.7884,
        0.7955,
        0.9265,
        0.0002,
        1.6818,
        0.1,
        1.1301,
        2.289,
        0.0513,
        0.4598,
        1.5463,
        0.1729,
        2.6308
    ]
}