{
    "FSRSv4": {
        "RMSE": 0.2907091283274579,
        "LogLoss": 0.2929065820339327,
        "RMSE(bins)": 0.06579499707434514,
        "RMSE(bins)Ratings": {
            "1": 0.0699911878477617,
            "2": 0.4226332314100399,
            "3": 0.07497735765827157
        }
    },
    "user": "5d3f969",
    "size": 5020,
    "weights": [
        0.7089,
        1.3699,
        3.6801,
        7.1116,
        4.8607,
        1.0105,
        1.2378,
        0.0,
        1.5307,
        0.2369,
        0.9839,
        2.2939,
        0.0737,
        0.4681,
        1.3156,
        0.2165,
        2.61
    ]
}