{
    "FSRSv4": {
        "RMSE": 0.2586781270331341,
        "LogLoss": 0.25462026955472916,
        "RMSE(bins)": 0.05349767626806873,
        "RMSE(bins)Ratings": {
            "1": 0.08845590379206578,
            "2": 0.19140538180476435,
            "3": 0.05944702569243303,
            "4": 0.0295142287255773
        }
    },
    "user": "43f1660",
    "size": 7460,
    "weights": [
        0.8586,
        1.399,
        4.9562,
        10.9,
        4.5783,
        0.9571,
        1.1559,
        0.1139,
        1.9245,
        0.1,
        1.3521,
        2.2346,
        0.0559,
        0.3698,
        1.2282,
        0.0656,
        3.322
    ]
}