{
    "FSRSv4": {
        "RMSE": 0.27974572902943107,
        "LogLoss": 0.2902425550142827,
        "RMSE(bins)": 0.048800072197048176,
        "RMSE(bins)Ratings": {
            "1": 0.11366647729275717,
            "2": 0.10164799779333498,
            "3": 0.042210171762137864,
            "4": 0.05571450452774645
        }
    },
    "user": "4c547fa",
    "size": 2490,
    "weights": [
        1.2616,
        1.2616,
        3.1042,
        10.9,
        5.0264,
        0.8592,
        0.9928,
        0.0421,
        1.3961,
        0.2896,
        0.8532,
        2.3538,
        0.0101,
        0.4824,
        1.3151,
        0.6726,
        2.403
    ]
}