{
    "FSRSv4": {
        "RMSE": 0.45130028387971094,
        "LogLoss": 0.6021902110559577,
        "RMSE(bins)": 0.07304555089730581,
        "RMSE(bins)Ratings": {
            "1": 0.14816115817780032,
            "2": 0.2596546525712319,
            "3": 0.048900832891657316,
            "4": 0.4456162439765233
        }
    },
    "user": "46b2aa1",
    "size": 3030,
    "weights": [
        0.1718,
        0.3357,
        0.9168,
        10.9,
        4.8365,
        0.821,
        0.7905,
        0.0019,
        1.4486,
        0.3923,
        0.8961,
        2.2412,
        0.0177,
        0.3681,
        1.3662,
        0.1172,
        2.2336
    ]
}