{
    "FSRSv4": {
        "RMSE": 0.2582596992203854,
        "LogLoss": 0.2534459285199228,
        "RMSE(bins)": 0.014523400568644493,
        "RMSE(bins)Ratings": {
            "1": 0.03189277086357929,
            "2": 0.10880486385129311,
            "3": 0.022184030463766213,
            "4": 0.030099516534900055
        }
    },
    "user": "27e8453",
    "size": 71575,
    "weights": [
        1.1124,
        1.1124,
        3.5674,
        22.4669,
        4.5902,
        1.5972,
        0.9431,
        0.0,
        2.1495,
        0.2551,
        1.6391,
        2.415,
        0.042,
        0.4119,
        1.7639,
        0.2845,
        5.0411
    ]
}