{
    "FSRSv4": {
        "RMSE": 0.19491049898059348,
        "LogLoss": 0.15313546374875192,
        "RMSE(bins)": 0.017506385023518194,
        "RMSE(bins)Ratings": {
            "1": 0.03920967150342639,
            "2": 0.04560030852182257,
            "3": 0.01562647951471801,
            "4": 0.089916101296656
        }
    },
    "user": "b091cf5",
    "size": 49775,
    "weights": [
        0.9468,
        6.4674,
        13.9465,
        13.9465,
        5.3155,
        1.7266,
        2.27,
        0.0122,
        1.8889,
        0.1527,
        1.3636,
        1.8624,
        0.1893,
        0.5929,
        0.4199,
        0.0,
        3.2626
    ]
}