{
    "FSRSv4": {
        "RMSE": 0.41418190958499207,
        "LogLoss": 0.5275926970574167,
        "RMSE(bins)": 0.059136239622278944,
        "RMSE(bins)Ratings": {
            "1": 0.1026527779120897,
            "2": 0.23152620227861684,
            "3": 0.05112878752851818,
            "4": 0.32494996383265273
        }
    },
    "user": "0342feb",
    "size": 21545,
    "weights": [
        0.1389,
        0.4045,
        2.011,
        3.1239,
        5.2189,
        1.4915,
        0.6797,
        0.0,
        1.5441,
        0.1897,
        0.9763,
        2.2539,
        0.0243,
        0.2666,
        0.8338,
        0.3319,
        3.1248
    ]
}