{
    "FSRSv4": {
        "RMSE": 0.37153677011761377,
        "LogLoss": 0.44759414431919875,
        "RMSE(bins)": 0.07334224359136936,
        "RMSE(bins)Ratings": {
            "1": 0.09218577110400349,
            "2": 0.10392036564668268,
            "3": 0.050873722404346344,
            "4": 0.1456730315606587
        }
    },
    "user": "a2b2055",
    "size": 44680,
    "weights": [
        0.4549,
        0.9693,
        1.3063,
        10.9,
        5.213,
        1.8287,
        1.3081,
        0.0214,
        1.9674,
        0.427,
        1.2197,
        2.5083,
        0.0236,
        0.4061,
        0.4365,
        0.1434,
        3.8667
    ]
}