{
    "FSRSv4": {
        "RMSE": 0.47354735032523965,
        "LogLoss": 0.6500248825535735,
        "RMSE(bins)": 0.08569020720340559,
        "RMSE(bins)Ratings": {
            "1": 0.06839222432722077,
            "2": 0.23020446889212678,
            "3": 0.17898327655828847,
            "4": 0.12640675008915786
        }
    },
    "user": "9de8624",
    "size": 7170,
    "weights": [
        0.3904,
        0.4967,
        0.4967,
        1.2638,
        5.5709,
        1.2925,
        0.3411,
        0.0,
        0.8411,
        0.2439,
        0.2454,
        2.1877,
        0.0338,
        0.2744,
        1.6241,
        0.4504,
        1.9447
    ]
}