{
    "FSRSv4": {
        "RMSE": 0.25837597607225454,
        "LogLoss": 0.2638895704151501,
        "RMSE(bins)": 0.07960721156659772,
        "RMSE(bins)Ratings": {
            "1": 0.07616168823045272,
            "2": 0.061015412752269405,
            "3": 0.05231708753358392,
            "4": 0.09186737489539509
        }
    },
    "user": "7c3a69d",
    "size": 1795,
    "weights": [
        1.5164,
        1.5164,
        1.5164,
        176.4224,
        4.7922,
        0.7827,
        0.9777,
        0.0,
        1.6596,
        0.1677,
        1.1048,
        2.3999,
        0.01,
        0.5365,
        1.4993,
        0.429,
        2.7679
    ]
}