{
    "FSRSv4": {
        "RMSE": 0.25775944872479845,
        "LogLoss": 0.2520064637059338,
        "RMSE(bins)": 0.015856224965930737,
        "RMSE(bins)Ratings": {
            "1": 0.03246141340264419,
            "2": 0.10870316595457907,
            "3": 0.021818283832340604,
            "4": 0.02278853341605939
        }
    },
    "user": "27e8453",
    "size": 71575,
    "weights": [
        1.1477,
        1.1477,
        3.4984,
        22.1309,
        4.4333,
        1.3955,
        1.061,
        0.0046,
        2.1797,
        0.2919,
        1.631,
        2.5002,
        0.0334,
        0.4137,
        1.9087,
        0.6719,
        4.308
    ]
}