{
    "FSRSv4": {
        "RMSE": 0.3898169450181336,
        "LogLoss": 0.4649313173713647,
        "RMSE(bins)": 0.08575578466457172,
        "RMSE(bins)Ratings": {
            "1": 0.10156877270816148,
            "2": 0.1558615833941823,
            "3": 0.06430101785016244,
            "4": 0.08188119184485221
        }
    },
    "user": "5d273e6",
    "size": 2100,
    "weights": [
        0.1,
        0.5771,
        1.7344,
        16.0931,
        4.8464,
        0.9911,
        0.9063,
        0.0088,
        1.6426,
        0.1,
        1.0828,
        2.2206,
        0.0367,
        0.3545,
        1.4167,
        0.1182,
        2.9151
    ]
}