{
    "FSRSv4": {
        "RMSE": 0.27847500744004533,
        "LogLoss": 0.28584159859678,
        "RMSE(bins)": 0.02401498427579076,
        "RMSE(bins)Ratings": {
            "1": 0.08534065283016296,
            "3": 0.04628777148583362
        }
    },
    "user": "5c34a90",
    "size": 900,
    "weights": [
        0.776,
        1.0311,
        1.5792,
        2.0982,
        4.89,
        0.98,
        0.82,
        0.05,
        1.53,
        0.18,
        0.98,
        2.22,
        0.01,
        0.38,
        1.3,
        0.29,
        2.61
    ]
}