{
    "FSRSv4": {
        "RMSE": 0.16335110227771807,
        "LogLoss": 0.11743210230180508,
        "RMSE(bins)": 0.012063931662179207,
        "RMSE(bins)Ratings": {
            "1": 0.02253213676282736,
            "2": 0.04067106642069207,
            "3": 0.012259652400144353,
            "4": 0.00373517868256372
        }
    },
    "user": "05ff595",
    "size": 371380,
    "weights": [
        8.2999,
        18.2455,
        33.4074,
        97.4787,
        1.4179,
        1.7923,
        4.0358,
        0.0,
        2.4192,
        0.1161,
        1.6843,
        3.037,
        0.0102,
        0.3828,
        1.999,
        0.0,
        10.0
    ]
}