{
    "FSRSv4": {
        "RMSE": 0.2848420946196309,
        "LogLoss": 0.2896244310577164,
        "RMSE(bins)": 0.03005543799579786,
        "RMSE(bins)Ratings": {
            "1": 0.05488418471417441,
            "2": 0.0772225741027344,
            "3": 0.015446027425797844,
            "4": 0.02444946764278502
        }
    },
    "user": "3865c61",
    "size": 64570,
    "weights": [
        0.3586,
        2.6052,
        7.6287,
        10.9,
        4.9142,
        1.7353,
        1.409,
        0.0007,
        1.9242,
        0.1401,
        1.4277,
        2.6554,
        0.0216,
        0.3345,
        2.0,
        0.2078,
        5.1293
    ]
}