{
    "FSRSv4": {
        "RMSE": 0.33813332862230605,
        "LogLoss": 0.3826575282095796,
        "RMSE(bins)": 0.04169428260415351,
        "RMSE(bins)Ratings": {
            "1": 0.10517576831207807,
            "2": 0.34896678677129356,
            "3": 0.027744353668330897,
            "4": 0.08538904784873586
        }
    },
    "user": "7948290",
    "size": 4965,
    "weights": [
        0.223,
        0.223,
        3.0032,
        4.9922,
        5.115,
        1.2273,
        0.9856,
        0.0013,
        1.4187,
        0.1,
        0.9811,
        2.0803,
        0.1257,
        0.3482,
        1.3984,
        0.0537,
        3.2796
    ]
}