{
    "FSRSv4": {
        "RMSE": 0.2007886403584336,
        "LogLoss": 0.16954900964708333,
        "RMSE(bins)": 0.02407654493091817,
        "RMSE(bins)Ratings": {
            "1": 0.0996272748612623,
            "2": 0.0848349837237594,
            "3": 0.02767770771929349,
            "4": 0.12609152417161804
        }
    },
    "user": "34ab3e5",
    "size": 5410,
    "weights": [
        0.4158,
        0.9735,
        6.7761,
        24.7029,
        4.806,
        0.8916,
        1.1041,
        0.0145,
        1.6569,
        0.1752,
        1.1103,
        2.3256,
        0.0135,
        0.4442,
        1.2769,
        0.0,
        2.1297
    ]
}