{
    "FSRSv4": {
        "RMSE": 0.3888595697672157,
        "LogLoss": 0.48147775136932647,
        "RMSE(bins)": 0.07118599433092651,
        "RMSE(bins)Ratings": {
            "1": 0.1029592284716623,
            "2": 0.7477560840302446,
            "3": 0.06443824181626716
        }
    },
    "user": "48a935a",
    "size": 181660,
    "weights": [
        0.418,
        0.7229,
        1.6437,
        2.8424,
        4.686,
        1.6543,
        0.9708,
        0.0609,
        0.9792,
        0.1,
        0.8999,
        1.697,
        0.0191,
        0.2454,
        1.289,
        0.0002,
        2.61
    ]
}