{
    "FSRSv4": {
        "RMSE": 0.20080628073217074,
        "LogLoss": 0.16945175979863122,
        "RMSE(bins)": 0.025411386912151685,
        "RMSE(bins)Ratings": {
            "1": 0.09039861493868354,
            "2": 0.08913022854905843,
            "3": 0.03125967466070763,
            "4": 0.11821943132725281
        }
    },
    "user": "34ab3e5",
    "size": 5410,
    "weights": [
        0.3895,
        0.9672,
        7.0395,
        26.4382,
        4.8292,
        1.1367,
        1.1227,
        0.0,
        1.6544,
        0.168,
        1.1062,
        2.2975,
        0.0125,
        0.4604,
        1.2816,
        0.0,
        2.1802
    ]
}