{
    "FSRSv4": {
        "RMSE": 0.4265284021842015,
        "LogLoss": 0.5530604628210923,
        "RMSE(bins)": 0.06499339416690063,
        "RMSE(bins)Ratings": {
            "1": 0.07597790091576194,
            "2": 0.34003989384575306,
            "3": 0.0627784580909262,
            "4": 0.08791822900745996
        }
    },
    "user": "7e2c252",
    "size": 82805,
    "weights": [
        0.14,
        0.4639,
        1.0299,
        10.9,
        4.5373,
        0.3462,
        0.5488,
        0.0286,
        1.019,
        0.1,
        0.6263,
        2.0587,
        0.1873,
        0.4837,
        1.558,
        0.8993,
        4.8626
    ]
}