{
    "FSRSv4": {
        "RMSE": 0.22973433348724814,
        "LogLoss": 0.21203820570528342,
        "RMSE(bins)": 0.03411211050406407,
        "RMSE(bins)Ratings": {
            "1": 0.07788277320240415,
            "2": 0.10378182348000087,
            "3": 0.03635473398754435,
            "4": 0.017224670948613796
        }
    },
    "user": "b20f115",
    "size": 14310,
    "weights": [
        0.824,
        2.2809,
        4.7306,
        10.9,
        4.4882,
        1.0879,
        1.5919,
        0.0,
        2.1536,
        0.1314,
        1.6002,
        2.4093,
        0.0299,
        0.378,
        1.3783,
        0.3898,
        3.8885
    ]
}