{
    "FSRSv4": {
        "RMSE": 0.3701811700764412,
        "LogLoss": 0.43143607386544375,
        "RMSE(bins)": 0.044914469677733194,
        "RMSE(bins)Ratings": {
            "1": 0.0913131941319914,
            "2": 0.0913393921842026,
            "3": 0.03245625565863577,
            "4": 0.03145326979773883
        }
    },
    "user": "03659d3",
    "size": 3535,
    "weights": [
        0.1921,
        0.7257,
        3.0996,
        18.2221,
        5.0063,
        1.066,
        0.822,
        0.1559,
        1.4796,
        0.1,
        0.9275,
        2.2294,
        0.0578,
        0.3877,
        1.401,
        0.1349,
        2.8329
    ]
}