{
    "FSRSv4": {
        "RMSE": 0.4507726248657933,
        "LogLoss": 0.5929187184695696,
        "RMSE(bins)": 0.08703014745111337,
        "RMSE(bins)Ratings": {
            "1": 0.12656838621120486,
            "2": 0.27291949786726427,
            "3": 0.20540858232585943,
            "4": 0.20473438956841042
        }
    },
    "user": "99d582e",
    "size": 850,
    "weights": [
        0.125,
        0.132,
        2.2046,
        2.2046,
        5.0944,
        1.0247,
        0.9406,
        0.0,
        1.3235,
        0.1,
        0.7728,
        2.0788,
        0.1576,
        0.2458,
        1.1438,
        0.2055,
        2.443
    ]
}