{
    "FSRSv4": {
        "RMSE": 0.375945568738116,
        "LogLoss": 0.44755018327529195,
        "RMSE(bins)": 0.06513219166111385,
        "RMSE(bins)Ratings": {
            "1": 0.1521873299186703,
            "2": 0.06917676909130405,
            "3": 0.0586762721201997,
            "4": 0.061116734561869994
        }
    },
    "user": "8ab976e",
    "size": 735955,
    "weights": [
        0.1,
        0.2483,
        0.9717,
        20.7055,
        3.4458,
        1.6696,
        0.6647,
        0.0269,
        1.0642,
        0.1,
        1.0826,
        1.3495,
        0.1441,
        0.1529,
        0.2144,
        0.1793,
        1.4289
    ]
}