{
    "FSRSv4": {
        "RMSE": 0.3296811760612043,
        "LogLoss": 0.37234395105122503,
        "RMSE(bins)": 0.04312881684467904,
        "RMSE(bins)Ratings": {
            "1": 0.07509291156431398,
            "2": 0.1372400348321315,
            "3": 0.03801855829468704,
            "4": 0.04665965038430786
        }
    },
    "user": "aff4c12",
    "size": 20140,
    "weights": [
        0.5256,
        0.6512,
        0.898,
        103.7371,
        4.5551,
        0.512,
        0.8795,
        0.0,
        1.7065,
        0.3586,
        1.1469,
        2.3603,
        0.0273,
        0.3604,
        1.5777,
        0.1579,
        2.8114
    ]
}