{
    "FSRSv4": {
        "RMSE": 0.19045188715401049,
        "LogLoss": 0.1524050450504899,
        "RMSE(bins)": 0.02157566487727307,
        "RMSE(bins)Ratings": {
            "1": 0.09812087228219009,
            "2": 0.060563184956144905,
            "3": 0.02092778855915075,
            "4": 0.0129612605924059
        }
    },
    "user": "a7932bc",
    "size": 12120,
    "weights": [
        0.9254,
        0.9254,
        3.1376,
        28.2656,
        4.4362,
        1.5526,
        1.5485,
        0.0,
        2.0842,
        0.1,
        1.5049,
        2.167,
        0.0689,
        0.3858,
        1.424,
        0.0,
        3.208
    ]
}