{
    "FSRSv4": {
        "RMSE": 0.3057799125581958,
        "LogLoss": 0.3269500442439556,
        "RMSE(bins)": 0.020520079665176764,
        "RMSE(bins)Ratings": {
            "1": 0.040868656051508405,
            "2": 0.3505616572330344,
            "3": 0.014543616389413164,
            "4": 0.21024917497513762
        }
    },
    "user": "a2effc8",
    "size": 195450,
    "weights": [
        0.2824,
        1.2177,
        1.2177,
        14.2925,
        3.9851,
        1.32,
        1.37,
        0.0007,
        1.7062,
        0.2066,
        1.0571,
        2.9772,
        0.01,
        0.2407,
        1.9975,
        0.9965,
        2.6018
    ]
}