{
    "FSRSv4": {
        "RMSE": 0.45768900322040784,
        "LogLoss": 0.6250062952447404,
        "RMSE(bins)": 0.0990773692957545,
        "RMSE(bins)Ratings": {
            "1": 0.1695936643226264,
            "2": 0.24200278837897096,
            "3": 0.07144783235786739,
            "4": 0.38743346295696807
        }
    },
    "user": "46b2aa1",
    "size": 3030,
    "weights": [
        0.2601,
        0.4867,
        1.246,
        10.9,
        4.8868,
        0.8502,
        0.7659,
        0.0248,
        1.45,
        0.3384,
        0.8944,
        2.2581,
        0.0221,
        0.3986,
        1.3503,
        0.1754,
        2.225
    ]
}