{
    "FSRSv4": {
        "RMSE": 0.3311254922837106,
        "LogLoss": 0.37090768595974877,
        "RMSE(bins)": 0.02070284351786573,
        "RMSE(bins)Ratings": {
            "1": 0.04104964437564773,
            "2": 0.06832365580175734,
            "3": 0.015401250714292002,
            "4": 0.06477438991086766
        }
    },
    "user": "f1f15b9",
    "size": 90275,
    "weights": [
        0.26,
        0.479,
        0.9837,
        166.4764,
        5.3713,
        1.623,
        1.0852,
        0.0089,
        1.8589,
        0.1613,
        1.2765,
        2.2438,
        0.0191,
        0.2418,
        1.9949,
        0.0128,
        7.2858
    ]
}