{
    "FSRSv4": {
        "RMSE": 0.41224394608310055,
        "LogLoss": 0.5179004710468816,
        "RMSE(bins)": 0.031243385485780952,
        "RMSE(bins)Ratings": {
            "1": 0.07432959707197521,
            "3": 0.03208809921752433
        }
    },
    "user": "daf7929",
    "size": 11430,
    "weights": [
        0.2365,
        0.5468,
        1.9226,
        4.4453,
        5.2009,
        1.1512,
        0.8975,
        0.0205,
        1.1093,
        0.1,
        0.5549,
        2.2831,
        0.0544,
        0.4135,
        1.5241,
        0.29,
        2.61
    ]
}