{
    "FSRSv4": {
        "RMSE": 0.19489137046182567,
        "LogLoss": 0.15328859291211763,
        "RMSE(bins)": 0.018092609514480572,
        "RMSE(bins)Ratings": {
            "1": 0.03892096841824122,
            "2": 0.04734186743357186,
            "3": 0.016768535129522755,
            "4": 0.12200535837429588
        }
    },
    "user": "b091cf5",
    "size": 49775,
    "weights": [
        0.9497,
        6.2305,
        13.2885,
        13.2885,
        5.2693,
        1.6923,
        2.2151,
        0.0058,
        1.8711,
        0.147,
        1.345,
        1.8971,
        0.1892,
        0.602,
        0.5057,
        0.0,
        3.0927
    ]
}