{
    "FSRSv4": {
        "RMSE": 0.39351736329551157,
        "LogLoss": 0.4903791935040303,
        "RMSE(bins)": 0.03583684560295715,
        "RMSE(bins)Ratings": {
            "1": 0.06088643832414353,
            "2": 0.05826644648890547,
            "3": 0.02205354133457429,
            "4": 0.0442991695968789
        }
    },
    "user": "fef1143",
    "size": 84915,
    "weights": [
        0.22,
        0.2963,
        1.6068,
        10.1316,
        4.2251,
        0.5427,
        0.5496,
        0.0,
        1.0719,
        0.1032,
        0.8417,
        2.5925,
        0.0106,
        0.2618,
        1.2258,
        0.2879,
        4.4157
    ]
}