{
    "FSRSv4": {
        "RMSE": 0.2814050979609276,
        "LogLoss": 0.29480341321157516,
        "RMSE(bins)": 0.029779417228277198,
        "RMSE(bins)Ratings": {
            "1": 0.06502093380667985,
            "3": 0.020980168645303835
        }
    },
    "user": "5c34a90",
    "size": 900,
    "weights": [
        0.776,
        1.0311,
        1.5792,
        2.0982,
        4.955,
        1.06,
        0.8145,
        0.1102,
        1.4699,
        0.2034,
        0.9179,
        2.2968,
        0.01,
        0.4556,
        1.3765,
        0.29,
        2.61
    ]
}