{
    "FSRSv4": {
        "RMSE": 0.2811071455398816,
        "LogLoss": 0.2830389051839212,
        "RMSE(bins)": 0.02775122136623565,
        "RMSE(bins)Ratings": {
            "1": 0.08662476883139705,
            "2": 0.5057043215433851,
            "3": 0.032016417825818114,
            "4": 0.048489614575945604
        }
    },
    "user": "77e570b",
    "size": 8150,
    "weights": [
        1.3872,
        1.3872,
        4.1024,
        11.5646,
        4.9938,
        1.3583,
        1.1316,
        0.0054,
        1.6352,
        0.1103,
        1.0916,
        2.299,
        0.0569,
        0.4374,
        0.8694,
        0.0,
        3.3694
    ]
}