{
    "FSRSv4": {
        "RMSE": 0.28791865332497435,
        "LogLoss": 0.28644980264243425,
        "RMSE(bins)": 0.04132554231083794,
        "RMSE(bins)Ratings": {
            "1": 0.095959000073884,
            "2": 0.13998110021716154,
            "3": 0.023864079564922078,
            "4": 0.028933203922846224
        }
    },
    "user": "7e5ff3c",
    "size": 11740,
    "weights": [
        0.1975,
        1.375,
        5.2213,
        29.3659,
        4.7571,
        1.2132,
        1.2686,
        0.0,
        1.9102,
        0.1,
        1.3382,
        2.1225,
        0.0636,
        0.2749,
        1.5501,
        0.0624,
        3.6448
    ]
}