{
    "FSRSv4": {
        "RMSE": 0.30737943563595815,
        "LogLoss": 0.3256967901321361,
        "RMSE(bins)": 0.04787366154524034,
        "RMSE(bins)Ratings": {
            "1": 0.039476607086585604,
            "2": 0.05997530969553728,
            "3": 0.048505785345571505
        }
    },
    "user": "572f685",
    "size": 2035,
    "weights": [
        0.7269,
        3.8115,
        8.3063,
        10.9,
        4.8838,
        0.9011,
        0.8778,
        0.0341,
        1.5355,
        0.1,
        0.9857,
        2.4225,
        0.01,
        0.5761,
        1.5087,
        0.4891,
        2.61
    ]
}