{
    "FSRSv4": {
        "RMSE": 0.3182394786972613,
        "LogLoss": 0.343571989883151,
        "RMSE(bins)": 0.0213447627113227,
        "RMSE(bins)Ratings": {
            "1": 0.03059189305403876,
            "2": 0.12029668132371431,
            "3": 0.020455867766170987,
            "4": 0.24753657168920348
        }
    },
    "user": "4181a16",
    "size": 317385,
    "weights": [
        1.6035,
        2.1347,
        6.5186,
        20.3526,
        1.6553,
        2.7275,
        2.5826,
        0.0,
        2.0034,
        0.5488,
        1.2181,
        2.4062,
        0.0187,
        0.3444,
        1.4642,
        0.3345,
        10.0
    ]
}