{
    "FSRSv4": {
        "RMSE": 0.245667059411972,
        "LogLoss": 0.2316151326261843,
        "RMSE(bins)": 0.025118775725111626,
        "RMSE(bins)Ratings": {
            "1": 0.08678569181272824,
            "2": 0.01653165812530999,
            "3": 0.013573871881066521,
            "4": 0.036221493656028544
        }
    },
    "user": "b200d7f",
    "size": 51190,
    "weights": [
        2.268,
        4.8176,
        14.9142,
        51.453,
        4.8872,
        2.3008,
        1.1635,
        0.004,
        2.0037,
        0.1185,
        1.173,
        2.2011,
        0.082,
        0.4089,
        1.1452,
        0.9141,
        5.0246
    ]
}