{
    "FSRSv4": {
        "RMSE": 0.40384940797679675,
        "LogLoss": 0.5047691348630188,
        "RMSE(bins)": 0.046690194441330574,
        "RMSE(bins)Ratings": {
            "1": 0.09603568635839395,
            "2": 0.0782835987909922,
            "3": 0.036032857965043505,
            "4": 0.11389233173393686
        }
    },
    "user": "5f77ef0",
    "size": 458955,
    "weights": [
        0.2155,
        0.6638,
        1.3603,
        4.5068,
        2.2096,
        1.7352,
        0.6555,
        0.0055,
        0.6796,
        0.1,
        1.0358,
        2.3671,
        0.0147,
        0.2334,
        1.3874,
        0.5113,
        5.5221
    ]
}