{
    "FSRSv4": {
        "RMSE": 0.1640884209129037,
        "LogLoss": 0.11840649928823219,
        "RMSE(bins)": 0.019983424907132962,
        "RMSE(bins)Ratings": {
            "1": 0.03767260959603489,
            "2": 0.07636438429104549,
            "3": 0.016093426412970752,
            "4": 0.0024201119464722794
        }
    },
    "user": "05ff595",
    "size": 371380,
    "weights": [
        7.9818,
        17.4573,
        31.8755,
        94.1387,
        1.7798,
        0.524,
        2.1131,
        0.0001,
        2.4293,
        0.1345,
        1.8491,
        4.0698,
        0.0103,
        0.4688,
        0.01,
        0.0701,
        10.0
    ]
}