{
    "FSRSv4": {
        "RMSE": 0.2851654795527436,
        "LogLoss": 0.29093236170103104,
        "RMSE(bins)": 0.027006870697326036,
        "RMSE(bins)Ratings": {
            "1": 0.05354421022055367,
            "2": 0.07533928710233466,
            "3": 0.014709397888102504,
            "4": 0.02275170482360571
        }
    },
    "user": "3865c61",
    "size": 64570,
    "weights": [
        0.3586,
        2.6052,
        7.6287,
        10.9,
        5.0908,
        1.806,
        1.0583,
        0.0,
        1.9168,
        0.1265,
        1.431,
        2.7479,
        0.0102,
        0.3192,
        2.0,
        0.1726,
        5.6431
    ]
}