{
    "FSRSv4": {
        "RMSE": 0.22898073159927507,
        "LogLoss": 0.20899605444150748,
        "RMSE(bins)": 0.02931440938363424,
        "RMSE(bins)Ratings": {
            "1": 0.07110508509538571,
            "2": 0.11360834850952846,
            "3": 0.03247977839612424,
            "4": 0.02135448897055112
        }
    },
    "user": "b20f115",
    "size": 14310,
    "weights": [
        0.7987,
        2.3388,
        4.8873,
        10.9,
        4.5514,
        1.1555,
        1.5037,
        0.0067,
        2.106,
        0.1416,
        1.5669,
        2.4125,
        0.0278,
        0.345,
        1.4721,
        0.2701,
        3.8838
    ]
}