{
    "FSRSv4": {
        "RMSE": 0.284625157629102,
        "LogLoss": 0.2922480784393119,
        "RMSE(bins)": 0.02226683810690899,
        "RMSE(bins)Ratings": {
            "1": 0.05131672026821303,
            "2": 0.07952566914737885,
            "3": 0.021401192070151932,
            "4": 0.029825035332998545
        }
    },
    "user": "56fefe1",
    "size": 29940,
    "weights": [
        0.4902,
        0.9091,
        3.7511,
        16.7732,
        4.8015,
        1.376,
        0.9972,
        0.002,
        1.7771,
        0.1,
        1.129,
        2.5246,
        0.01,
        0.3314,
        2.0,
        0.0907,
        3.1269
    ]
}