{
    "FSRSv4": {
        "RMSE": 0.1691530178638574,
        "LogLoss": 0.12158665970246658,
        "RMSE(bins)": 0.024163230338809592,
        "RMSE(bins)Ratings": {
            "1": 0.03422733626799059,
            "2": 0.1788148897779251,
            "3": 0.03319674962020737,
            "4": 0.029200183051510474
        }
    },
    "user": "ea00ab4",
    "size": 110930,
    "weights": [
        2.9582,
        5.734,
        15.474,
        67.4566,
        4.3358,
        1.2963,
        1.0051,
        0.0,
        2.0185,
        0.3592,
        1.4882,
        2.2898,
        0.089,
        0.4001,
        2.0,
        0.4449,
        2.2559
    ]
}