{
    "FSRSv4": {
        "RMSE": 0.2958525715241239,
        "LogLoss": 0.30412232213904045,
        "RMSE(bins)": 0.07248366768815806,
        "RMSE(bins)Ratings": {
            "1": 0.08088357392416573,
            "2": 0.2660505548641708,
            "3": 0.08322399842470679
        }
    },
    "user": "5d3f969",
    "size": 5020,
    "weights": [
        0.7089,
        1.3699,
        3.6801,
        7.1116,
        5.0149,
        1.1847,
        1.273,
        0.0,
        1.5158,
        0.227,
        0.9672,
        2.2557,
        0.0369,
        0.4381,
        1.0193,
        0.1707,
        2.61
    ]
}