{
    "FSRSv4": {
        "RMSE": 0.3414657041466863,
        "LogLoss": 0.38741419185064896,
        "RMSE(bins)": 0.025256006425313813,
        "RMSE(bins)Ratings": {
            "1": 0.05765958647366991,
            "2": 0.04004301759788356,
            "3": 0.03811398099921093,
            "4": 0.0676405412701735
        }
    },
    "user": "0efe6f3",
    "size": 8860,
    "weights": [
        0.3058,
        0.9483,
        1.0322,
        9.0614,
        5.2628,
        1.4364,
        1.0767,
        0.0174,
        1.5174,
        0.1129,
        0.9741,
        2.1562,
        0.0353,
        0.31,
        1.3209,
        0.4984,
        2.3862
    ]
}