{
    "FSRSv4": {
        "RMSE": 0.27916592500748666,
        "LogLoss": 0.28871992039488464,
        "RMSE(bins)": 0.04105501259401084,
        "RMSE(bins)Ratings": {
            "1": 0.09286049435343505,
            "2": 0.08128583884966785,
            "3": 0.037144791959551615,
            "4": 0.06607384577519627
        }
    },
    "user": "4c547fa",
    "size": 2490,
    "weights": [
        1.1293,
        1.1293,
        3.1432,
        10.9,
        5.0422,
        0.7901,
        1.0479,
        0.0285,
        1.3902,
        0.2947,
        0.8467,
        2.2997,
        0.0119,
        0.4494,
        1.3983,
        0.6072,
        2.516
    ]
}