{
    "FSRSv4": {
        "RMSE": 0.4064878684432443,
        "LogLoss": 0.5103701577345735,
        "RMSE(bins)": 0.05075962659738653,
        "RMSE(bins)Ratings": {
            "1": 0.09404474353420385,
            "2": 0.07762729204453948,
            "3": 0.04301882792050746,
            "4": 0.09813198033808253
        }
    },
    "user": "5f77ef0",
    "size": 458955,
    "weights": [
        0.1697,
        0.675,
        1.3091,
        4.4942,
        3.0233,
        2.0192,
        0.762,
        0.0141,
        0.7515,
        0.1,
        1.1189,
        1.4003,
        0.0287,
        0.2577,
        1.4382,
        0.4808,
        7.109
    ]
}