{
    "FSRSv4": {
        "RMSE": 0.22214461348760803,
        "LogLoss": 0.1907956172274561,
        "RMSE(bins)": 0.04825532970593406,
        "RMSE(bins)Ratings": {
            "1": 0.0615406906549438,
            "2": 0.052797226877811416,
            "3": 0.026303334338197582,
            "4": 0.052091407281982194
        }
    },
    "user": "929558d",
    "size": 202060,
    "weights": [
        9.3491,
        9.3491,
        76.9031,
        221.5256,
        5.7888,
        1.3305,
        1.0219,
        0.0048,
        1.8542,
        0.1186,
        1.4931,
        2.343,
        0.0349,
        0.5088,
        0.0147,
        0.1384,
        1.0941
    ]
}