{
    "FSRSv4": {
        "RMSE": 0.28373660669284073,
        "LogLoss": 0.30142315007959225,
        "RMSE(bins)": 0.1224023894153967,
        "RMSE(bins)Ratings": {
            "1": 0.166509363759999,
            "2": 0.23596115381157107,
            "3": 0.07751797271852719,
            "4": 0.15777235773930373
        }
    },
    "user": "5d294a0",
    "size": 2250,
    "weights": [
        1.0443,
        1.4585,
        2.4073,
        208.5023,
        4.9409,
        0.9614,
        0.8255,
        0.09,
        1.4892,
        0.1352,
        0.9425,
        2.1649,
        0.0597,
        0.3283,
        1.2698,
        0.418,
        2.6125
    ]
}