{
    "FSRSv4": {
        "RMSE": 0.4793798541216628,
        "LogLoss": 0.6525307782454122,
        "RMSE(bins)": 0.08419988873329513,
        "RMSE(bins)Ratings": {
            "1": 0.13794716877153726,
            "2": 0.2003853132660918,
            "3": 0.05825603160454031,
            "4": 0.556713878012293
        }
    },
    "user": "c54d060",
    "size": 24940,
    "weights": [
        0.1,
        0.1993,
        1.0454,
        20.3263,
        5.0267,
        1.4684,
        0.6106,
        0.0,
        1.3123,
        0.1,
        0.819,
        1.9284,
        0.1938,
        0.2931,
        0.7832,
        0.5577,
        1.0
    ]
}