{
    "FSRSv4": {
        "RMSE": 0.3262705963828752,
        "LogLoss": 0.3543576643253955,
        "RMSE(bins)": 0.12695168361686315,
        "RMSE(bins)Ratings": {
            "1": 0.2608761066754807,
            "2": 0.2589216069301569,
            "3": 0.07401222162816395,
            "4": 0.11623339601111544
        }
    },
    "user": "e37d9b3",
    "size": 705,
    "weights": [
        0.0007,
        0.012,
        0.9059,
        16.2037,
        5.116,
        1.0673,
        1.0641,
        0.0,
        1.3571,
        0.2758,
        0.807,
        2.1721,
        0.0723,
        0.3344,
        1.2587,
        0.1023,
        2.8004
    ]
}