{
    "FSRSv4": {
        "RMSE": 0.36475645737085594,
        "LogLoss": 0.4316693073017296,
        "RMSE(bins)": 0.037019162940206934,
        "RMSE(bins)Ratings": {
            "1": 0.058043593283163594,
            "2": 0.04614095395731794,
            "3": 0.03312208317198894,
            "4": 0.029832637456612472
        }
    },
    "user": "23e35f5",
    "size": 176410,
    "weights": [
        0.2709,
        0.2709,
        0.9716,
        67.0849,
        2.8209,
        1.4671,
        1.0886,
        0.0029,
        1.5745,
        0.1777,
        1.0162,
        2.8014,
        0.0149,
        0.2064,
        1.4369,
        0.2115,
        7.006
    ]
}