{
    "FSRSv4": {
        "RMSE": 0.48154118896538517,
        "LogLoss": 0.6575197687354811,
        "RMSE(bins)": 0.06584294365658289,
        "RMSE(bins)Ratings": {
            "1": 0.08446188650138939,
            "2": 0.3661280570226415,
            "3": 0.28055016825186957,
            "4": 0.07201351704324495
        }
    },
    "user": "6231ad3",
    "size": 12400,
    "weights": [
        0.1,
        0.3219,
        0.3219,
        0.8944,
        5.3018,
        1.1083,
        0.9883,
        0.0,
        0.9316,
        0.5032,
        0.4041,
        1.9218,
        0.1628,
        0.2551,
        1.0217,
        0.3462,
        2.0153
    ]
}