{
    "FSRSv4": {
        "RMSE": 0.38866675328660405,
        "LogLoss": 0.48046611637475556,
        "RMSE(bins)": 0.07709989430218508,
        "RMSE(bins)Ratings": {
            "1": 0.12295943823742649,
            "2": 0.7084548104956269,
            "3": 0.06086886432526115
        }
    },
    "user": "48a935a",
    "size": 181660,
    "weights": [
        0.4844,
        0.7951,
        1.6721,
        2.7447,
        4.1629,
        1.5744,
        1.0017,
        0.0374,
        1.0191,
        0.1,
        0.9095,
        2.1526,
        0.0328,
        0.2824,
        0.9356,
        0.0,
        2.61
    ]
}