{
    "FSRSv4": {
        "RMSE": 0.19043913532255444,
        "LogLoss": 0.15279041014310052,
        "RMSE(bins)": 0.013886896384153928,
        "RMSE(bins)Ratings": {
            "1": 0.08418001776877598,
            "2": 0.046706750292787994,
            "3": 0.019032435131719608,
            "4": 0.01927640581677841
        }
    },
    "user": "a7932bc",
    "size": 12120,
    "weights": [
        0.8737,
        0.8737,
        3.2215,
        29.1835,
        4.5595,
        1.785,
        1.2806,
        0.0,
        2.0853,
        0.1,
        1.5047,
        2.1124,
        0.079,
        0.3513,
        1.4752,
        0.0,
        3.3131
    ]
}