{
    "FSRSv4": {
        "RMSE": 0.32892587819404845,
        "LogLoss": 0.36731904090174017,
        "RMSE(bins)": 0.019667916580811146,
        "RMSE(bins)Ratings": {
            "1": 0.04412801856186375,
            "2": 0.06821010316874197,
            "3": 0.013755218156581456,
            "4": 0.06418673113076948
        }
    },
    "user": "f1f15b9",
    "size": 90275,
    "weights": [
        0.26,
        0.479,
        0.9837,
        166.4764,
        4.7795,
        1.339,
        0.9067,
        0.019,
        1.7592,
        0.1953,
        1.2102,
        2.4649,
        0.01,
        0.2592,
        2.0,
        0.0335,
        6.8166
    ]
}