{
    "FSRSv4": {
        "RMSE": 0.22961209660094667,
        "LogLoss": 0.21376695044343536,
        "RMSE(bins)": 0.05915813918339211,
        "RMSE(bins)Ratings": {
            "1": 0.10692680026484122,
            "2": 0.2477693684888702,
            "3": 0.03373537266458684,
            "4": 0.05042515621589893
        }
    },
    "user": "a1108b7",
    "size": 11800,
    "weights": [
        0.5014,
        0.9655,
        1.9564,
        365.0,
        4.4624,
        0.5037,
        0.7469,
        0.2818,
        1.9898,
        0.2081,
        1.4174,
        2.2261,
        0.0996,
        0.3908,
        1.4771,
        0.0,
        3.5088
    ]
}