{
    "FSRSv4": {
        "RMSE": 0.40720941467807886,
        "LogLoss": 0.5045630854192098,
        "RMSE(bins)": 0.11100696190207567,
        "RMSE(bins)Ratings": {
            "1": 0.17058294939682853,
            "2": 0.15230787096064208,
            "3": 0.09989257044729485,
            "4": 0.7188260964976284
        }
    },
    "user": "06a3422",
    "size": 3575,
    "weights": [
        0.2519,
        1.6431,
        3.1694,
        10.9,
        5.0253,
        0.9818,
        0.9961,
        0.0648,
        1.5727,
        0.3457,
        1.023,
        2.1592,
        0.0882,
        0.3212,
        1.2993,
        0.1456,
        2.61
    ]
}