{
    "FSRSv4": {
        "RMSE": 0.4030190546505214,
        "LogLoss": 0.5160724760380013,
        "RMSE(bins)": 0.08572368178327817,
        "RMSE(bins)Ratings": {
            "1": 0.10783618448313516,
            "3": 0.08228212624580875
        }
    },
    "user": "fba6829",
    "size": 10660,
    "weights": [
        0.3523,
        0.5838,
        1.2453,
        2.0636,
        4.8412,
        0.7653,
        1.3025,
        0.0,
        1.5693,
        0.1502,
        1.0624,
        2.1399,
        0.1661,
        0.3183,
        1.4443,
        0.5511,
        3.1632
    ]
}