{
    "FSRSv4": {
        "RMSE": 0.3621377613176015,
        "LogLoss": 0.41511383851064654,
        "RMSE(bins)": 0.03073854107430519,
        "RMSE(bins)Ratings": {
            "1": 0.07903219440269527,
            "2": 0.07718692957533611,
            "3": 0.04632546440580903,
            "4": 0.019811826193912477
        }
    },
    "user": "03659d3",
    "size": 3535,
    "weights": [
        0.2394,
        0.778,
        3.1259,
        17.7143,
        4.9895,
        1.048,
        0.8965,
        0.0513,
        1.5042,
        0.1,
        0.9473,
        2.2669,
        0.1028,
        0.4272,
        1.4824,
        0.2358,
        2.5745
    ]
}