{
    "FSRSv4": {
        "RMSE": 0.3440939522256552,
        "LogLoss": 0.40672621496359734,
        "RMSE(bins)": 0.10781129524258282,
        "RMSE(bins)Ratings": {
            "1": 0.18331763574179274,
            "2": 0.14648766830231583,
            "3": 0.08843163856493436,
            "4": 0.14918753141997526
        }
    },
    "user": "67a81cc",
    "size": 740,
    "weights": [
        0.7917,
        1.5359,
        4.1502,
        17.0252,
        4.9438,
        1.0161,
        0.8522,
        0.0616,
        1.5249,
        0.1989,
        0.9806,
        2.2843,
        0.01,
        0.4113,
        1.2202,
        0.448,
        2.7797
    ]
}