{
    "FSRSv4": {
        "RMSE": 0.30512059821486465,
        "LogLoss": 0.33065952308435226,
        "RMSE(bins)": 0.029993922122380296,
        "RMSE(bins)Ratings": {
            "1": 0.09906340893430911,
            "2": 0.04060032863135049,
            "3": 0.03359274835295219,
            "4": 0.1012300021990417
        }
    },
    "user": "95b389b",
    "size": 23165,
    "weights": [
        0.3709,
        0.8984,
        1.7057,
        10.9,
        4.699,
        0.361,
        1.3403,
        0.0303,
        1.9632,
        0.4211,
        1.3978,
        2.3427,
        0.0123,
        0.3471,
        1.9997,
        0.3336,
        1.1431
    ]
}