{
    "FSRSv4": {
        "RMSE": 0.2844311990360828,
        "LogLoss": 0.29191416209713406,
        "RMSE(bins)": 0.02021024881975398,
        "RMSE(bins)Ratings": {
            "1": 0.04703175512028868,
            "2": 0.07629774840945389,
            "3": 0.02202897135542227,
            "4": 0.026793167390363776
        }
    },
    "user": "56fefe1",
    "size": 29940,
    "weights": [
        0.4301,
        0.8768,
        3.8225,
        16.7449,
        4.7812,
        1.3733,
        1.0132,
        0.003,
        1.7913,
        0.1,
        1.1361,
        2.5418,
        0.01,
        0.3173,
        2.0,
        0.0742,
        3.5816
    ]
}