{
    "FSRSv4": {
        "RMSE": 0.44424060696955986,
        "LogLoss": 0.5777751641516354,
        "RMSE(bins)": 0.06654248146479522,
        "RMSE(bins)Ratings": {
            "1": 0.135329708588892,
            "2": 0.2663089342254105,
            "3": 0.18148368272064874,
            "4": 0.15916849632317828
        }
    },
    "user": "99d582e",
    "size": 850,
    "weights": [
        0.125,
        0.132,
        2.2046,
        2.2046,
        5.0047,
        1.0607,
        0.9738,
        0.0,
        1.4159,
        0.1,
        0.8652,
        2.1522,
        0.0978,
        0.2955,
        1.2977,
        0.2554,
        2.5309
    ]
}