{
    "FSRSv4": {
        "RMSE": 0.39639979158002503,
        "LogLoss": 0.49561469797176133,
        "RMSE(bins)": 0.03404923531398883,
        "RMSE(bins)Ratings": {
            "1": 0.05469903460904263,
            "2": 0.05253490933959952,
            "3": 0.021606679718220567,
            "4": 0.04524800230468951
        }
    },
    "user": "fef1143",
    "size": 84915,
    "weights": [
        0.1634,
        0.2603,
        1.3112,
        10.1051,
        4.3798,
        0.8062,
        0.8885,
        0.0,
        1.1103,
        0.1001,
        0.8856,
        2.1683,
        0.0162,
        0.2573,
        0.8851,
        0.2357,
        5.4395
    ]
}