{
    "FSRSv4": {
        "RMSE": 0.47231470191113506,
        "LogLoss": 0.6434102293719544,
        "RMSE(bins)": 0.07104601624199867,
        "RMSE(bins)Ratings": {
            "1": 0.07230669878081784,
            "2": 0.2735566976741852,
            "3": 0.17480358294636458,
            "4": 0.10629513225412604
        }
    },
    "user": "9de8624",
    "size": 7170,
    "weights": [
        0.2533,
        0.3388,
        0.3388,
        1.113,
        5.5244,
        1.1943,
        0.6619,
        0.0,
        0.8684,
        0.1005,
        0.2753,
        2.1422,
        0.0883,
        0.2923,
        1.5707,
        0.3542,
        1.9744
    ]
}