{
    "FSRSv4": {
        "RMSE": 0.3937806521872073,
        "LogLoss": 0.5035926560016337,
        "RMSE(bins)": 0.16402398578637467,
        "RMSE(bins)Ratings": {
            "1": 0.2841686389260903,
            "2": 0.39721826326485515,
            "3": 0.21507985743846744,
            "4": 0.0805775192168605
        }
    },
    "user": "dff174d",
    "size": 75,
    "weights": [
        0.7158,
        0.9,
        2.3,
        4.2992,
        5.0495,
        1.0594,
        0.7516,
        0.1019,
        1.3706,
        0.2575,
        0.8202,
        2.0757,
        0.1498,
        0.2338,
        1.1736,
        0.1729,
        2.7303
    ]
}