{
    "FSRSv4": {
        "RMSE": 0.3798951954770917,
        "LogLoss": 0.4568126813213532,
        "RMSE(bins)": 0.02665183205280309,
        "RMSE(bins)Ratings": {
            "1": 0.06115149630350059,
            "2": 0.2708263179757621,
            "3": 0.02505669216678477,
            "4": 0.06403511812803718
        }
    },
    "user": "a97086c",
    "size": 18260,
    "weights": [
        0.1,
        0.2799,
        1.3102,
        10.9,
        4.9499,
        1.0378,
        0.6167,
        0.0614,
        1.5007,
        0.3648,
        0.9327,
        2.0985,
        0.0472,
        0.2892,
        0.571,
        0.0516,
        4.3024
    ]
}