{
    "FSRSv4": {
        "RMSE": 0.27817949804974895,
        "LogLoss": 0.2867279865804834,
        "RMSE(bins)": 0.0652576279240521,
        "RMSE(bins)Ratings": {
            "1": 0.13807046854935115,
            "2": 0.08537121653773143,
            "3": 0.038426555796443496,
            "4": 0.07645047144388306
        }
    },
    "user": "fab092a",
    "size": 5760,
    "weights": [
        0.2264,
        0.6714,
        3.428,
        122.6493,
        4.7452,
        0.7473,
        0.8837,
        0.0915,
        1.711,
        0.182,
        1.1627,
        2.2219,
        0.0297,
        0.3484,
        1.489,
        0.6247,
        2.9624
    ]
}