{
    "FSRSv4": {
        "RMSE": 0.20074791113167986,
        "LogLoss": 0.16942517625036646,
        "RMSE(bins)": 0.024443711774210227,
        "RMSE(bins)Ratings": {
            "1": 0.08598661210018821,
            "2": 0.09695309725042398,
            "3": 0.029253890809829184,
            "4": 0.12246903563947496
        }
    },
    "user": "34ab3e5",
    "size": 5410,
    "weights": [
        0.3895,
        0.9672,
        7.0395,
        26.4382,
        4.8017,
        0.8684,
        1.095,
        0.0115,
        1.6582,
        0.1739,
        1.1125,
        2.3203,
        0.0114,
        0.4512,
        1.2504,
        0.0,
        2.2335
    ]
}