{
    "FSRSv4": {
        "RMSE": 0.23021893022189266,
        "LogLoss": 0.21453729883365968,
        "RMSE(bins)": 0.06139492858230996,
        "RMSE(bins)Ratings": {
            "1": 0.11877505436384353,
            "2": 0.27311812073867475,
            "3": 0.03286485065104041,
            "4": 0.0493370440950534
        }
    },
    "user": "a1108b7",
    "size": 11800,
    "weights": [
        0.5014,
        0.9655,
        1.9564,
        365.0,
        4.47,
        0.5064,
        0.8262,
        0.2679,
        1.9982,
        0.216,
        1.4285,
        2.2084,
        0.1064,
        0.3749,
        1.312,
        0.0511,
        3.6556
    ]
}