{
    "FSRSv4": {
        "RMSE": 0.43146875454706674,
        "LogLoss": 0.5620355678778716,
        "RMSE(bins)": 0.0670100484279421,
        "RMSE(bins)Ratings": {
            "1": 0.0727292629014357,
            "2": 0.2953574419814359,
            "3": 0.07649021866001034,
            "4": 0.0850000712324665
        }
    },
    "user": "7e2c252",
    "size": 82805,
    "weights": [
        0.1,
        0.3918,
        0.994,
        10.9,
        5.4859,
        1.3532,
        0.6831,
        0.0159,
        1.1903,
        0.1,
        0.8993,
        1.7367,
        0.1869,
        0.3565,
        1.4766,
        0.9929,
        4.5984
    ]
}