{
    "FSRSv4": {
        "RMSE": 0.24512438649267854,
        "LogLoss": 0.2299212091045717,
        "RMSE(bins)": 0.023117682951797374,
        "RMSE(bins)Ratings": {
            "1": 0.07950342812956523,
            "2": 0.015945166729881666,
            "3": 0.013357382779191457,
            "4": 0.05284845495343621
        }
    },
    "user": "b200d7f",
    "size": 51190,
    "weights": [
        1.7691,
        4.1535,
        14.9424,
        51.9657,
        4.9526,
        2.2699,
        1.1619,
        0.0041,
        2.0068,
        0.1279,
        1.2122,
        2.1398,
        0.09,
        0.3726,
        1.2197,
        0.9058,
        5.1484
    ]
}