{
    "FSRSv4": {
        "RMSE": 0.3925079994340317,
        "LogLoss": 0.4821323026062807,
        "RMSE(bins)": 0.04207264060974655,
        "RMSE(bins)Ratings": {
            "1": 0.07393685816916863,
            "2": 0.13024382282790545,
            "3": 0.058776299911282276,
            "4": 0.08532722516041524
        }
    },
    "user": "a1c71b0",
    "size": 2920,
    "weights": [
        0.3156,
        1.3667,
        2.2397,
        2.8763,
        5.1808,
        1.2839,
        1.0728,
        0.0,
        1.1542,
        0.4117,
        0.5987,
        2.2255,
        0.0314,
        0.3855,
        1.3048,
        0.0,
        2.2317
    ]
}