{
    "FSRSv4": {
        "RMSE": 0.34220198021391596,
        "LogLoss": 0.3895004812084746,
        "RMSE(bins)": 0.025358195083051156,
        "RMSE(bins)Ratings": {
            "1": 0.031977789954106405,
            "2": 0.057853614304096156,
            "3": 0.031415965163870144,
            "4": 0.0334515993213956
        }
    },
    "user": "e4f2afe",
    "size": 76875,
    "weights": [
        0.3378,
        0.6369,
        1.5156,
        22.408,
        4.8937,
        1.5223,
        0.8058,
        0.0,
        1.7311,
        0.2698,
        1.0714,
        2.6126,
        0.0119,
        0.3045,
        1.4707,
        0.196,
        4.9984
    ]
}