{
    "FSRSv4": {
        "RMSE": 0.44402266730796525,
        "LogLoss": 0.5775377096385814,
        "RMSE(bins)": 0.1275450276761428,
        "RMSE(bins)Ratings": {
            "1": 0.20128989075330453,
            "2": 0.2799741613405994,
            "3": 0.056593705355805046,
            "4": 0.24946210545384961
        }
    },
    "user": "99f0ffb",
    "size": 3155,
    "weights": [
        0.1,
        0.1574,
        0.1574,
        0.1574,
        4.7665,
        0.7537,
        0.9479,
        0.0,
        1.4401,
        0.1,
        0.8952,
        2.1914,
        0.0601,
        0.3592,
        1.3519,
        0.5504,
        3.0115
    ]
}