{
    "FSRSv4": {
        "RMSE": 0.2931630236414052,
        "LogLoss": 0.30460689523050477,
        "RMSE(bins)": 0.02982503199262361,
        "RMSE(bins)Ratings": {
            "1": 0.10300485909857814,
            "2": 0.09670670355884164,
            "3": 0.02662361739498906,
            "4": 0.07225104018876125
        }
    },
    "user": "0886157",
    "size": 4080,
    "weights": [
        0.4979,
        1.5136,
        3.3426,
        4.6785,
        4.775,
        0.7928,
        0.9337,
        0.0,
        1.7089,
        0.1,
        1.154,
        2.2796,
        0.0579,
        0.4517,
        1.574,
        0.1281,
        2.5586
    ]
}