{
    "FSRSv4": {
        "RMSE": 0.27788604496652786,
        "LogLoss": 0.28414347511753824,
        "RMSE(bins)": 0.06830804796989753,
        "RMSE(bins)Ratings": {
            "1": 0.1465775037780884,
            "2": 0.08486329379046353,
            "3": 0.03874213573342962,
            "4": 0.07772503805529149
        }
    },
    "user": "fab092a",
    "size": 5760,
    "weights": [
        0.1739,
        0.5575,
        3.2002,
        120.9066,
        4.7003,
        0.7106,
        0.7688,
        0.0292,
        1.7349,
        0.1811,
        1.191,
        2.1744,
        0.0611,
        0.3166,
        1.3604,
        0.6696,
        3.0295
    ]
}