{
    "FSRSv4": {
        "RMSE": 0.3852841759293199,
        "LogLoss": 0.47108067389962427,
        "RMSE(bins)": 0.07033027841178943,
        "RMSE(bins)Ratings": {
            "1": 0.1129095109432285,
            "2": 0.10236335970664441,
            "3": 0.05345937121535325,
            "4": 0.19103187774029284
        }
    },
    "user": "7e4e533",
    "size": 50075,
    "weights": [
        2.5506,
        7.5646,
        38.6374,
        77.9747,
        4.9853,
        1.0856,
        0.8978,
        0.0156,
        1.5635,
        0.1776,
        1.2045,
        2.0402,
        0.1904,
        0.4956,
        1.1434,
        0.225,
        2.6297
    ]
}