{
    "FSRSv4": {
        "RMSE": 0.4607871873339186,
        "LogLoss": 0.6128565760413351,
        "RMSE(bins)": 0.0969371225539152,
        "RMSE(bins)Ratings": {
            "1": 0.1488310794804154,
            "2": 0.24254808064796765,
            "3": 0.04741465935811384,
            "4": 0.2276074107402809
        }
    },
    "user": "99f0ffb",
    "size": 3155,
    "weights": [
        0.1,
        0.1574,
        0.1574,
        0.1574,
        5.146,
        1.0509,
        1.1006,
        0.061,
        1.4422,
        0.2342,
        0.9061,
        2.0234,
        0.1502,
        0.239,
        1.0557,
        0.4459,
        2.9946
    ]
}