{
    "FSRSv4": {
        "RMSE": 0.470774257454918,
        "LogLoss": 0.6334953300081937,
        "RMSE(bins)": 0.07608977283956767,
        "RMSE(bins)Ratings": {
            "1": 0.1250395180005441,
            "2": 0.1614558158977559,
            "3": 0.037351632425622026,
            "4": 0.5035575112016156
        }
    },
    "user": "c54d060",
    "size": 24940,
    "weights": [
        0.1,
        0.1993,
        1.0454,
        20.3263,
        4.4497,
        0.9994,
        0.528,
        0.0026,
        1.2647,
        0.1,
        0.7493,
        2.0497,
        0.1908,
        0.4331,
        0.6857,
        0.4996,
        1.1442
    ]
}