{
    "FSRSv4": {
        "RMSE": 0.47067963670986535,
        "LogLoss": 0.6410553356754305,
        "RMSE(bins)": 0.07977867045996428,
        "RMSE(bins)Ratings": {
            "1": 0.12885354339379845,
            "2": 0.1385749780144702,
            "3": 0.05757335847887188,
            "4": 0.5946006816031912
        }
    },
    "user": "c54d060",
    "size": 24940,
    "weights": [
        0.1085,
        0.163,
        1.1026,
        19.6995,
        4.6289,
        0.8195,
        0.5271,
        0.0134,
        1.2427,
        0.1026,
        0.7385,
        2.0893,
        0.1779,
        0.4707,
        0.662,
        0.6112,
        1.0602
    ]
}