{
    "FSRSv4": {
        "RMSE": 0.3734865905058821,
        "LogLoss": 0.45364998768156367,
        "RMSE(bins)": 0.08443251833323578,
        "RMSE(bins)Ratings": {
            "1": 0.09913238172201293,
            "2": 0.10286082501083627,
            "3": 0.0587496486294043,
            "4": 0.07776131054948729
        }
    },
    "user": "a2b2055",
    "size": 44680,
    "weights": [
        0.5485,
        1.2942,
        1.6653,
        11.0667,
        4.7258,
        1.3377,
        1.1306,
        0.0275,
        1.9066,
        0.4205,
        1.0893,
        2.6044,
        0.0121,
        0.412,
        0.4375,
        0.2364,
        3.8278
    ]
}