{
    "FSRSv4": {
        "RMSE": 0.27861964927555566,
        "LogLoss": 0.2860502147891411,
        "RMSE(bins)": 0.0241057408700184,
        "RMSE(bins)Ratings": {
            "1": 0.08561812818975381,
            "3": 0.036876877727769944
        }
    },
    "user": "5c34a90",
    "size": 900,
    "weights": [
        0.8511,
        1.0815,
        1.549,
        1.9683,
        4.89,
        0.98,
        0.82,
        0.05,
        1.53,
        0.18,
        0.98,
        2.22,
        0.01,
        0.38,
        1.3,
        0.29,
        2.61
    ]
}