{
    "FSRSv4": {
        "RMSE": 0.27974349900475665,
        "LogLoss": 0.2791168101874355,
        "RMSE(bins)": 0.03462577535374707,
        "RMSE(bins)Ratings": {
            "1": 0.09705462015009296,
            "2": 0.05143187673497205,
            "3": 0.03346205017584773,
            "4": 0.05669986445865953
        }
    },
    "user": "8c0e419",
    "size": 19400,
    "weights": [
        0.2888,
        0.4567,
        1.1219,
        25.2777,
        4.764,
        1.1534,
        0.8231,
        0.1728,
        1.6647,
        0.1,
        1.0732,
        2.3385,
        0.0134,
        0.3463,
        0.2337,
        0.274,
        4.572
    ]
}