{
    "FSRSv4": {
        "RMSE": 0.25713785143094564,
        "LogLoss": 0.26177552905324863,
        "RMSE(bins)": 0.07501644824416975,
        "RMSE(bins)Ratings": {
            "1": 0.06694434107876292,
            "2": 0.06234912758633463,
            "3": 0.055264413748747764,
            "4": 0.07635788069230824
        }
    },
    "user": "7c3a69d",
    "size": 1795,
    "weights": [
        1.4266,
        1.4305,
        1.4364,
        170.9543,
        4.7656,
        0.7394,
        0.8056,
        0.0131,
        1.6526,
        0.162,
        1.0996,
        2.3709,
        0.0112,
        0.5141,
        1.4574,
        0.4289,
        2.7957
    ]
}