{
    "FSRSv4": {
        "RMSE": 0.16388350847049155,
        "LogLoss": 0.11819715665194772,
        "RMSE(bins)": 0.018448778960236965,
        "RMSE(bins)Ratings": {
            "1": 0.03281438456849221,
            "2": 0.06587456723224755,
            "3": 0.016349007629522277,
            "4": 0.003167997044603379
        }
    },
    "user": "05ff595",
    "size": 371380,
    "weights": [
        8.2999,
        18.2455,
        33.4074,
        97.4787,
        1.5589,
        0.57,
        2.1604,
        0.0001,
        2.4452,
        0.1368,
        1.8433,
        4.257,
        0.01,
        0.4403,
        0.01,
        0.0166,
        10.0
    ]
}