{
    "FSRSv4": {
        "RMSE": 0.25413297763168946,
        "LogLoss": 0.24157817028840917,
        "RMSE(bins)": 0.021008564768858925,
        "RMSE(bins)Ratings": {
            "1": 0.049437614267716576,
            "2": 0.033794038695839995,
            "3": 0.07085735021293477,
            "4": 0.03242029086987715
        }
    },
    "user": "d1260ae",
    "size": 6835,
    "weights": [
        6.0517,
        6.0517,
        6.0517,
        27.3501,
        5.1031,
        0.667,
        0.6506,
        0.1913,
        1.282,
        0.4691,
        0.7419,
        2.4906,
        0.0604,
        0.6866,
        1.6906,
        0.0144,
        2.4164
    ]
}