{
    "FSRSv4": {
        "RMSE": 0.47097049512639994,
        "LogLoss": 0.6360616690452602,
        "RMSE(bins)": 0.07230189095226987,
        "RMSE(bins)Ratings": {
            "1": 0.09416550436220439,
            "2": 0.40576601699193365,
            "3": 0.2905071539264874,
            "4": 0.07149764007517267
        }
    },
    "user": "6231ad3",
    "size": 12400,
    "weights": [
        0.1,
        0.3219,
        0.3219,
        0.8944,
        5.1454,
        0.7714,
        0.3413,
        0.0361,
        0.8675,
        0.2921,
        0.3192,
        2.0382,
        0.1224,
        0.3279,
        1.3847,
        0.4082,
        1.9464
    ]
}