{
    "FSRSv4": {
        "RMSE": 0.28072976239002095,
        "LogLoss": 0.29474720642145086,
        "RMSE(bins)": 0.11528827404330247,
        "RMSE(bins)Ratings": {
            "1": 0.16163555600896592,
            "2": 0.22582723563278972,
            "3": 0.06737839582243628,
            "4": 0.1366923446984189
        }
    },
    "user": "5d294a0",
    "size": 2250,
    "weights": [
        0.7565,
        1.1386,
        2.1024,
        198.6639,
        4.9262,
        0.9342,
        0.8163,
        0.0891,
        1.4858,
        0.1297,
        0.9404,
        2.1431,
        0.081,
        0.3033,
        1.2169,
        0.4188,
        2.7039
    ]
}