{
    "FSRSv4": {
        "RMSE": 0.24459715370700813,
        "LogLoss": 0.2313849149363392,
        "RMSE(bins)": 0.029962600393869783,
        "RMSE(bins)Ratings": {
            "1": 0.060540514158237524,
            "2": 0.09621386392808011,
            "3": 0.029631503361756538,
            "4": 0.03841918838157038
        }
    },
    "user": "9c911a1",
    "size": 113715,
    "weights": [
        1.8284,
        2.7053,
        4.8688,
        48.1775,
        4.2269,
        2.5057,
        3.0386,
        0.0048,
        2.7358,
        0.395,
        1.8601,
        2.2846,
        0.1143,
        0.4493,
        0.9795,
        0.0,
        2.5777
    ]
}