{
    "FSRSv4": {
        "RMSE": 0.25780120830857933,
        "LogLoss": 0.25242897566140926,
        "RMSE(bins)": 0.017358836306500425,
        "RMSE(bins)Ratings": {
            "1": 0.03265775487156778,
            "2": 0.09403490245034536,
            "3": 0.023737015472431185,
            "4": 0.026734819028884717
        }
    },
    "user": "27e8453",
    "size": 71575,
    "weights": [
        1.1124,
        1.1124,
        3.5674,
        22.4669,
        4.4192,
        1.405,
        1.0773,
        0.0088,
        2.2032,
        0.2987,
        1.6667,
        2.469,
        0.0279,
        0.4165,
        1.95,
        0.5785,
        4.831
    ]
}