{
    "FSRSv4": {
        "RMSE": 0.41265792460422124,
        "LogLoss": 0.5174474084939114,
        "RMSE(bins)": 0.03203662106970297,
        "RMSE(bins)Ratings": {
            "1": 0.07565356191684211,
            "3": 0.03571464155941363
        }
    },
    "user": "daf7929",
    "size": 11430,
    "weights": [
        0.1998,
        0.4966,
        1.946,
        4.8371,
        5.1505,
        1.0969,
        0.9172,
        0.017,
        1.0744,
        0.1,
        0.5267,
        2.2763,
        0.0627,
        0.4201,
        1.6434,
        0.29,
        2.61
    ]
}