{
    "FSRSv4": {
        "RMSE": 0.3973528619421972,
        "LogLoss": 0.5154927370775205,
        "RMSE(bins)": 0.18128822796971725,
        "RMSE(bins)Ratings": {
            "1": 0.2095401673138921,
            "2": 0.46312948842284185,
            "3": 0.25111221845141235,
            "4": 0.07641128199376916
        }
    },
    "user": "dff174d",
    "size": 75,
    "weights": [
        0.7158,
        0.9,
        2.3,
        4.2992,
        5.0451,
        1.0349,
        0.9711,
        0.0223,
        1.3764,
        0.2552,
        0.8262,
        2.0916,
        0.1257,
        0.2466,
        1.2185,
        0.1768,
        2.7302
    ]
}