{
    "FSRSv4": {
        "RMSE": 0.25945750304000353,
        "LogLoss": 0.2570782288048249,
        "RMSE(bins)": 0.05440969644320988,
        "RMSE(bins)Ratings": {
            "1": 0.08357497947895878,
            "2": 0.1871059006193078,
            "3": 0.0608452267488681,
            "4": 0.028686399044537642
        }
    },
    "user": "43f1660",
    "size": 7460,
    "weights": [
        0.8586,
        1.399,
        4.9562,
        10.9,
        4.5961,
        1.0265,
        0.9431,
        0.0608,
        1.9308,
        0.1,
        1.3685,
        2.1906,
        0.0953,
        0.3487,
        1.1611,
        0.0669,
        3.2659
    ]
}