{
    "FSRSv4": {
        "RMSE": 0.4077429700613876,
        "LogLoss": 0.5061198149778162,
        "RMSE(bins)": 0.10475673588901002,
        "RMSE(bins)Ratings": {
            "1": 0.164649537969092,
            "2": 0.13696369172229575,
            "3": 0.0936767798471168,
            "4": 0.6976036033762754
        }
    },
    "user": "9b3b6b2",
    "size": 3575,
    "weights": [
        0.2519,
        1.6431,
        3.1694,
        10.9,
        5.0466,
        1.0234,
        1.0201,
        0.0527,
        1.5582,
        0.3834,
        1.0086,
        2.1376,
        0.0868,
        0.2931,
        1.3852,
        0.1189,
        2.61
    ]
}