{
    "FSRSv4": {
        "RMSE": 0.3635070379246314,
        "LogLoss": 0.42970317683075615,
        "RMSE(bins)": 0.04211593748704954,
        "RMSE(bins)Ratings": {
            "1": 0.07509786461761837,
            "2": 0.10262337181405026,
            "3": 0.02382090538671759,
            "4": 0.10940109499808454
        }
    },
    "user": "46a95e8",
    "size": 15865,
    "weights": [
        0.2733,
        0.6648,
        1.4024,
        1.8266,
        4.7688,
        0.5652,
        1.0899,
        0.0062,
        1.5247,
        0.3273,
        0.9789,
        2.2775,
        0.0134,
        0.2836,
        1.2651,
        0.0689,
        2.6557
    ]
}