{
    "FSRSv4": {
        "RMSE": 0.37679948259231577,
        "LogLoss": 0.45403297119852076,
        "RMSE(bins)": 0.06570390556276891,
        "RMSE(bins)Ratings": {
            "1": 0.14829495700748957,
            "2": 0.07633865794699715,
            "3": 0.06706411787112965,
            "4": 0.06171919019229235
        }
    },
    "user": "8ab976e",
    "size": 735955,
    "weights": [
        0.1389,
        0.3042,
        0.9863,
        20.0945,
        3.1382,
        1.6918,
        0.5742,
        0.0175,
        1.147,
        0.1002,
        1.0471,
        2.101,
        0.0101,
        0.1191,
        0.8083,
        0.2315,
        1.1697
    ]
}