{
    "FSRSv4": {
        "RMSE": 0.3898411394830737,
        "LogLoss": 0.4873173154112055,
        "RMSE(bins)": 0.08429520894581433,
        "RMSE(bins)Ratings": {
            "1": 0.14564499306218043,
            "2": 0.10498594685961044,
            "3": 0.0594758307537546,
            "4": 0.18715555902105635
        }
    },
    "user": "7e4e533",
    "size": 50075,
    "weights": [
        4.3421,
        11.3758,
        48.239,
        82.942,
        4.988,
        0.9825,
        0.8509,
        0.0144,
        1.4286,
        0.1447,
        1.1147,
        1.9704,
        0.1947,
        0.5636,
        1.4903,
        0.3225,
        2.5181
    ]
}