{
    "FSRSv4": {
        "RMSE": 0.2801532319758085,
        "LogLoss": 0.2817055856271222,
        "RMSE(bins)": 0.02642967032240493,
        "RMSE(bins)Ratings": {
            "1": 0.07087600199537702,
            "2": 0.5760119028361788,
            "3": 0.03346663766066784,
            "4": 0.05856135461943134
        }
    },
    "user": "77e570b",
    "size": 8150,
    "weights": [
        1.3832,
        1.3832,
        4.0101,
        11.2746,
        5.0092,
        1.2919,
        1.2871,
        0.0071,
        1.6574,
        0.1241,
        1.105,
        2.2947,
        0.0216,
        0.4553,
        0.8313,
        0.0,
        3.3525
    ]
}