{
    "FSRSv4": {
        "RMSE": 0.3053348311658359,
        "LogLoss": 0.32085547287153476,
        "RMSE(bins)": 0.03971499227910012,
        "RMSE(bins)Ratings": {
            "1": 0.09313793350618586,
            "2": 0.05662390820945894,
            "3": 0.04703467365028543
        }
    },
    "user": "572f685",
    "size": 2035,
    "weights": [
        0.7269,
        3.8115,
        8.3063,
        10.9,
        4.8396,
        0.8821,
        1.022,
        0.0,
        1.668,
        0.1,
        1.1152,
        2.3633,
        0.0176,
        0.5252,
        1.4469,
        0.4881,
        2.61
    ]
}