{
    "FSRSv4": {
        "RMSE": 0.43582893313163956,
        "LogLoss": 0.5666972060249316,
        "RMSE(bins)": 0.09384982388384541,
        "RMSE(bins)Ratings": {
            "1": 0.13791419591258489,
            "2": 0.6569154907260673,
            "3": 0.06434972787991328,
            "4": 0.10261584626438618
        }
    },
    "user": "f0feefe",
    "size": 10115,
    "weights": [
        0.1289,
        0.34,
        1.2214,
        10.9,
        5.3531,
        0.9784,
        0.8143,
        0.1506,
        1.1513,
        0.1905,
        0.6246,
        2.0885,
        0.1196,
        0.309,
        1.3183,
        0.165,
        3.1605
    ]
}