{
    "FSRSv4": {
        "RMSE": 0.3387218345942826,
        "LogLoss": 0.3853077440036678,
        "RMSE(bins)": 0.052664017029044136,
        "RMSE(bins)Ratings": {
            "1": 0.12773886022405156,
            "2": 0.3313903117701881,
            "3": 0.03484671650048491,
            "4": 0.06617527976085101
        }
    },
    "user": "7948290",
    "size": 4965,
    "weights": [
        0.2952,
        0.3086,
        3.9705,
        6.3186,
        5.0691,
        1.2009,
        1.0375,
        0.0164,
        1.4581,
        0.1,
        0.9476,
        2.1726,
        0.066,
        0.3466,
        1.499,
        0.1637,
        3.2998
    ]
}