{
    "FSRSv4": {
        "RMSE": 0.4324490637634169,
        "LogLoss": 0.5565720102984228,
        "RMSE(bins)": 0.06798882343349018,
        "RMSE(bins)Ratings": {
            "1": 0.10432777088099801,
            "2": 0.6590362706905039,
            "3": 0.057902785411640074,
            "4": 0.11139170010405544
        }
    },
    "user": "f0feefe",
    "size": 10115,
    "weights": [
        0.1,
        0.3783,
        1.1382,
        10.9,
        5.1892,
        0.8152,
        0.7242,
        0.1898,
        1.1671,
        0.206,
        0.6434,
        1.9669,
        0.1989,
        0.2414,
        1.0381,
        0.1609,
        3.1446
    ]
}