{
    "FSRSv4": {
        "RMSE": 0.2538544718057483,
        "LogLoss": 0.24072348879680366,
        "RMSE(bins)": 0.028767483571796006,
        "RMSE(bins)Ratings": {
            "1": 0.04159119564981122,
            "2": 0.04468301898887091,
            "3": 0.0884374376289642,
            "4": 0.04070229010622384
        }
    },
    "user": "d1260ae",
    "size": 6835,
    "weights": [
        6.0517,
        6.0517,
        6.0517,
        27.3501,
        5.0917,
        0.534,
        0.8002,
        0.0,
        1.3073,
        0.4709,
        0.7714,
        2.5534,
        0.0126,
        0.7018,
        1.684,
        0.0446,
        2.4521
    ]
}