{
    "FSRSv4": {
        "RMSE": 0.24366421111061196,
        "LogLoss": 0.22925373466427076,
        "RMSE(bins)": 0.023255124308144526,
        "RMSE(bins)Ratings": {
            "1": 0.04799454921941027,
            "2": 0.09304179733344436,
            "3": 0.02255770722333601,
            "4": 0.03666616242908795
        }
    },
    "user": "9c911a1",
    "size": 113715,
    "weights": [
        1.4827,
        2.3948,
        4.9161,
        49.4441,
        4.2744,
        2.6349,
        3.1033,
        0.0018,
        2.7121,
        0.3957,
        1.8625,
        2.2429,
        0.1542,
        0.4406,
        1.0835,
        0.0,
        3.6816
    ]
}