{
    "FSRSv4": {
        "RMSE": 0.3358362807383141,
        "LogLoss": 0.3745483113527503,
        "RMSE(bins)": 0.02298051140633917,
        "RMSE(bins)Ratings": {
            "1": 0.043623495849625035,
            "2": 0.1374312568521848,
            "3": 0.016402410529670765,
            "4": 0.08758176964630354
        }
    },
    "user": "d50de1c",
    "size": 109170,
    "weights": [
        0.2324,
        0.2381,
        1.164,
        4.2095,
        5.0865,
        1.6808,
        1.8296,
        0.0001,
        1.8122,
        0.2955,
        1.0376,
        2.2478,
        0.054,
        0.3342,
        1.9927,
        0.2066,
        4.7091
    ]
}