{
    "FSRSv4": {
        "RMSE": 0.39110905175290506,
        "LogLoss": 0.47937479196569294,
        "RMSE(bins)": 0.04142088688993328,
        "RMSE(bins)Ratings": {
            "1": 0.08188397639094058,
            "2": 0.13659443745048003,
            "3": 0.040421708665984324,
            "4": 0.0585422886014589
        }
    },
    "user": "a1c71b0",
    "size": 2920,
    "weights": [
        0.3156,
        1.3667,
        2.2397,
        2.8763,
        5.1236,
        1.1301,
        0.9689,
        0.0,
        1.1699,
        0.4286,
        0.613,
        2.2367,
        0.014,
        0.3877,
        1.3224,
        0.0,
        2.3089
    ]
}