{
    "FSRSv4": {
        "RMSE": 0.2851782628568499,
        "LogLoss": 0.2901344328297268,
        "RMSE(bins)": 0.0338146435957217,
        "RMSE(bins)Ratings": {
            "1": 0.060101385724183914,
            "2": 0.07751218453529643,
            "3": 0.020975392438655892,
            "4": 0.01995547198718088
        }
    },
    "user": "3865c61",
    "size": 64570,
    "weights": [
        0.3904,
        2.5305,
        7.3794,
        10.9,
        4.8834,
        1.6902,
        1.3731,
        0.0031,
        1.8734,
        0.1235,
        1.3833,
        2.6463,
        0.0209,
        0.3369,
        2.0,
        0.2736,
        4.2677
    ]
}