{
    "FSRSv4": {
        "RMSE": 0.28972091112215576,
        "LogLoss": 0.29179938850045145,
        "RMSE(bins)": 0.06332751163674556,
        "RMSE(bins)Ratings": {
            "1": 0.07359280170120179,
            "2": 0.42013054367041325,
            "3": 0.07408417043583382
        }
    },
    "user": "5d3f969",
    "size": 5020,
    "weights": [
        0.7301,
        1.3754,
        3.5566,
        6.7003,
        4.862,
        1.0154,
        1.2239,
        0.0,
        1.532,
        0.2371,
        0.9851,
        2.3062,
        0.0615,
        0.4727,
        1.3042,
        0.2159,
        2.61
    ]
}