{
    "FSRSv4": {
        "RMSE": 0.24415753090493833,
        "LogLoss": 0.231481005477631,
        "RMSE(bins)": 0.023600852267334178,
        "RMSE(bins)Ratings": {
            "1": 0.050628977337868177,
            "2": 0.09106728727265383,
            "3": 0.022843784875534144,
            "4": 0.035238962894882896
        }
    },
    "user": "9c911a1",
    "size": 113715,
    "weights": [
        1.4827,
        2.3948,
        4.9161,
        49.4441,
        4.3967,
        2.3293,
        2.8702,
        0.0,
        2.6035,
        0.36,
        1.8446,
        2.0381,
        0.1894,
        0.4586,
        1.1934,
        0.0,
        3.914
    ]
}